brokerage_name,phone,phone_confidence,verified_headcount,headcount_source,state,city,address,website,phone_source,date_collected,phone_flag
WINDERMERE HERITAGE,(206) 527-3801,high,68,https://orea.elicense.micropact.com/Lookup/GenerateRoster.aspx (Active Individuals + Active Businesses rosters),OR,SALEM,960 LIBERTY ST SE STE 250,https://www.windermere.com/directory/agents/chris-aldrich,firm website https://www.windermere.com/directory/agents/chris-aldrich (tel on /about); Overture Maps place e82bd261-9ed8-4454-b34f-aaf9c09877c3 (name match 100.0),2026-10-09,
"DELEX REALTY, LLC",(602) 910-3002,high,49,https://services.azre.gov/PdbWeb/List/DownloadList/1 ; https://services.azre.gov/PdbWeb/List/DownloadList/2,AZ,GLENDALE,20359 N 59TH AVE,http://www.JoinDeLex.com/,regulator firm record (https://services.azre.gov/PdbWeb/List/DownloadList/2) + Overture Maps place 8745bba4-6726-4c29-8eea-05ae3c57a246 (name match 100.0),2026-10-09,
"SOUTHERN ARIZONA BROKERAGE, LLC",(520) 585-4720,high,44,https://services.azre.gov/PdbWeb/List/DownloadList/1 ; https://services.azre.gov/PdbWeb/List/DownloadList/2,AZ,TUCSON,9172 S. HOUGHTON ROAD,http://tucsonmgmt.com/,regulator firm record (https://services.azre.gov/PdbWeb/List/DownloadList/2) + Overture Maps place 9f7647b8-1586-4d5d-a35f-629225fbf2e7 (name match 100.0),2026-10-09,
"GO BIG, LLC",(480) 767-3000,high,42,https://services.azre.gov/PdbWeb/List/DownloadList/1 ; https://services.azre.gov/PdbWeb/List/DownloadList/2,AZ,SCOTTSDALE,"15333 N PIMA ROAD, SUITE 130",http://kwarizona.com/,regulator firm record (https://services.azre.gov/PdbWeb/List/DownloadList/2) + firm website http://kwarizona.com/,2026-10-09,
"SOUTHERN ARIZONA BROKERAGE, LLC",(520) 440-6342,high,40,https://services.azre.gov/PdbWeb/List/DownloadList/1 ; https://services.azre.gov/PdbWeb/List/DownloadList/2,AZ,TUCSON,6444 E TANQUE VERDE,http://tucsonmgmt.com/,firm website http://tucsonmgmt.com/ (text on /); Overture Maps place 9f7647b8-1586-4d5d-a35f-629225fbf2e7 (name match 100.0),2026-10-09,
FLORIDA EXECUTIVE REALTY INC,(813) 832-5400,medium,52,https://www2.myfloridalicense.com/sto/file_download/extracts//REALESTATE2501LICENSE_1.csv ; https://www2.myfloridalicense.com/sto/file_download/extracts//RealEstateCorpLicense.csv,FL,TAMPA,15802 AMBERLY DRIVE,https://www.floridaexecutiverealty.com/our-agents/tim-diehl/,Overture Maps place 5c0827b0-a7bf-4d85-9bcd-83e4200125dc (name match 100.0),2026-10-09,
"MOUNTAIN DESERT LIVING, LLC",(928) 753-0430,medium,52,https://services.azre.gov/PdbWeb/List/DownloadList/1 ; https://services.azre.gov/PdbWeb/List/DownloadList/2,AZ,LAKE HAVASU CITY,251 SWANSON AVE,,regulator firm record (https://services.azre.gov/PdbWeb/List/DownloadList/2),2026-10-09,
"DELEX REALTY, LLC",(602) 910-3002,medium,52,https://services.azre.gov/PdbWeb/List/DownloadList/1 ; https://services.azre.gov/PdbWeb/List/DownloadList/2,AZ,PEORIA,20359 N 59TH AVE,,regulator firm record (https://services.azre.gov/PdbWeb/List/DownloadList/2),2026-10-09,
"ARIZONA FOOTHILLS REALTY, INC.",(623) 975-2289,medium,43,https://services.azre.gov/PdbWeb/List/DownloadList/1 ; https://services.azre.gov/PdbWeb/List/DownloadList/2,AZ,PHOENIX,"3930 EAST CHANDLER BOULEVARD, SUITE 1",,regulator firm record (https://services.azre.gov/PdbWeb/List/DownloadList/2),2026-10-09,
"MOUNTAIN DESERT LIVING, LLC",(928) 219-4230,medium,42,https://services.azre.gov/PdbWeb/List/DownloadList/1 ; https://services.azre.gov/PdbWeb/List/DownloadList/2,AZ,LAKE HAVASU CITY,251 SWANSON AVE,,regulator firm record (https://services.azre.gov/PdbWeb/List/DownloadList/2),2026-10-09,
"ERN, L.L.C.",(928) 777-8838,medium,36,https://services.azre.gov/PdbWeb/List/DownloadList/1 ; https://services.azre.gov/PdbWeb/List/DownloadList/2,AZ,PHOENIX,"18444 N 25TH AVE, SUITE #420",,regulator firm record (https://services.azre.gov/PdbWeb/List/DownloadList/2),2026-10-09,
BEN BAY REALTY CO OF BAY RIDGE LLC,(718) 238-6080,low,39,https://data.ny.gov/api/views/yg7h-zjbf/rows.csv?accessType=DOWNLOAD,NY,BROOKLYN,8418 3RD AVE,http://Benbayre.com/,Overture Maps place 7d543656-0268-409c-ae35-d39cfa6b914d (address match 100),2026-10-09,Overture listing name includes extra words (may be an individual agent's listing / personal cell)
