firm_key,firm,firm_city,firm_zip,firm_county,overture_name,overture_city,overture_zip,method,score,overture_phone,website_phones
NY:CBRE UPSTATE NY,CBRE UPSTATE NY,SYRACUSE,13202,,Cbre Upstate Ny,Syracuse,13204,name,100.0,(315) 422-4200,
NY:REALTY ONE GROUP KEY,REALTY ONE GROUP KEY,CLIFTON PARK,12065,,Realty ONE Group Key,Clifton Park,12065,name,100.0,(518) 630-5360,(518) 630-5360
NY:EMPIRE REAL ESTATE FIRM LLC,EMPIRE REAL ESTATE FIRM LLC,LATHAM,12110,,Empire Real Estate Firm,Latham,12110,name,100.0,(518) 662-7653,
NY:EXIT REALTY PRIVATE CLIENT,EXIT REALTY PRIVATE CLIENT,WHITE PLAINS,10601,,Exit Realty Private Client,White Plains,10601,name,100.0,(914) 222-1000,(347) 219-3755;(646) 260-7316;(646) 266-1167;(646) 919-5578;(718) 666-5940;(718) 995-2000;(914) 222-1000;(914) 420-6144;(914) 557-4167;(914) 819-8820;(917) 353-8808;(917) 497-0149;(917) 912-4217;(917) 939-9725
NY:KELLER WILLIAMS REALTY GREATER BINGHAMTON,KELLER WILLIAMS REALTY GREATER BINGHAMTON,BINGHAMTON,13901,,Keller Williams Greater Binghamton Realty,Binghamton,13901,name,100.0,(607) 722-0722,
NY:REAL ESTATE ADVANTAGE,REAL ESTATE ADVANTAGE,JAMESTOWN,14701,,Real Estate Advantage,Jamestown,14701,name,100.0,(716) 484-2020,
NY:HOWARD HANNA HOLT REAL ESTATE,HOWARD HANNA HOLT REAL ESTATE,MAYVILLE,14757,,Howard Hanna Holt Real Estate,Mayville,14757,name,100.0,(716) 753-7880,(716) 413-0200;(716) 484-4040;(716) 485-3833;(716) 673-1800;(716) 753-7880;(716) 763-7506
NY:SIGNATURE PROPERTIES LLC,SIGNATURE PROPERTIES LLC,HORSEHEADS,14845,,Signature Properties,Horseheads,14845,name,100.0,(607) 796-9817,(607) 731-9307;(607) 742-2358;(607) 796-9817
NY:COLDWELL BANKER WHITBECK ASSOCIATES,COLDWELL BANKER WHITBECK ASSOCIATES,PLATTSBURGH,12901,,Coldwell Banker Whitbeck,Plattsburgh,12901,name,100.0,(518) 562-9999,(315) 268-0800;(518) 314-0611;(518) 359-9440;(518) 418-2222;(518) 562-9999
NY:BERKSHIRE HATHAWAY HOMESERVICES HERITAGE REALTY,BERKSHIRE HATHAWAY HOMESERVICES HERITAGE REALTY,HOMER,13077,,Berkshire Hathaway HomeServices Heritage Realty,Homer,13077,name,100.0,(607) 428-0708,
NY:COLDWELL BANKER TIMBERLAND PROPERTIES,COLDWELL BANKER TIMBERLAND PROPERTIES,MARGARETVILLE,12455,,Coldwell Banker Timberland Properties,Margaretville,12455,name,100.0,(845) 586-3321,
NY:EXIT REALTY CONNECTIONS,EXIT REALTY CONNECTIONS,WAPPINGERS FALLS,12590,,EXIT Realty Connections,Wappingers Falls,12590,name,100.0,(845) 298-6034,(845) 298-6034
NY:RIVER REALTY SERVICES INC,RIVER REALTY SERVICES INC,NEW WINDSOR,12553,,"River Realty Services, Inc.",New Windsor,12553,name,100.0,(845) 564-2800,
NY:GURNEY BECKER & BOURNE REAL ESTATE,GURNEY BECKER & BOURNE REAL ESTATE,BUFFALO,14209,,Gurney Becker & Bourne,Buffalo,14209,name,100.0,(716) 849-1234,(585) 613-6168;(631) 806-7978;(716) 308-8801;(716) 316-7994;(716) 330-7702;(716) 335-2227;(716) 392-0844;(716) 445-5314;(716) 465-4929;(716) 548-0681;(716) 573-3717;(716) 573-5013;(716) 603-0200;(716) 655-1300;(716) 777-2385;(716) 849-1234;(716) 907-4478;(716) 930-7741;(716) 946-7340;(716) 998-1502;(773) 590-9035
NY:TOWNE HOUSING REAL ESTATE,TOWNE HOUSING REAL ESTATE,BUFFALO,14202,,Towne Housing Real Estate,Buffalo,14202,name,100.0,(716) 264-4135,(716) 264-4135
NY:SYMPHONY REAL ESTATE LLC,SYMPHONY REAL ESTATE LLC,BUFFALO,14201,,Symphony Real Estate,Buffalo,14201,name,100.0,(716) 771-5104,(315) 402-0208
NY:RED DOOR REAL ESTATE WNY LLC,RED DOOR REAL ESTATE WNY LLC,BUFFALO,14201,,Red Door Real Estate Wny,Buffalo,14201,name,100.0,(716) 768-1177,(716) 768-1177
NY:REALTY ONE GROUP EMPOWER,REALTY ONE GROUP EMPOWER,BUFFALO,14222,,Realty ONE Group Empower,Buffalo,14222,name,100.0,(716) 899-4663,
NY:MERRILL L THOMAS INC,MERRILL L THOMAS INC,LAKE PLACID,12946,,Merrill L. Thomas Inc.,Lake Placid,12946,name,100.0,(518) 523-2519,(518) 302-2834;(518) 359-9797;(518) 523-2519
NY:JULIE & CO REALTY LLC,JULIE & CO REALTY LLC,SARATOGA SPRINGS,12866,,"Julie & Co. Realty, Llc",Saratoga Springs,12866,name,100.0,(518) 350-7653,
NY:COLDWELL BANKER FAITH PROPERTIES,COLDWELL BANKER FAITH PROPERTIES,UTICA,13501,,Coldwell Banker Faith Properties,Utica,13501,name,100.0,(315) 735-2222,
NY:RIVER HILLS PROPERTIES LLC,RIVER HILLS PROPERTIES LLC,BARNEVELD,13304,,River Hills Properties,Barneveld,13304,name,100.0,(315) 896-1009,
NY:BRIDGEVIEW REAL ESTATE,BRIDGEVIEW REAL ESTATE,WATERTOWN,13601,,Bridgeview Real Estate,Watertown,13601,name,100.0,(315) 782-9292,(315) 782-9292
NY:BERGEN BASIN REALTY LLC,BERGEN BASIN REALTY LLC,BROOKLYN,11234,,Bergen Basin Realty,Brooklyn,11234,name,100.0,(718) 787-4110,
NY:REVIVED RESIDENTIAL,REVIVED RESIDENTIAL,NEW YORK,10022,,Revived Residential,New York,11234,name,100.0,(347) 702-3316,
NY:BROOKLYN REAL PROPERTY INC,BROOKLYN REAL PROPERTY INC,BROOKLYN,11217,,Brooklyn Real Property,New York,11217,name,100.0,(718) 875-8899,(212) 518-6638;(718) 272-8988;(718) 629-1888;(718) 713-6888;(718) 875-8899
NY:BEN BAY REALTY CO,BEN BAY REALTY CO,BROOKLYN,11228,,Ben Bay Realty,Brooklyn,11209,name,100.0,(718) 238-6080,
NY:MADISON ESTATES SOTHEBYS INTERNATIONAL REALTY,MADISON ESTATES SOTHEBYS INTERNATIONAL REALTY,BROOKLYN,11229,,Madison Estates Sotheby's International Realty,Brooklyn,11229,name,100.0,(718) 645-1665,
NY:BEN BAY REALTY CO OF BAY RIDGE LLC,BEN BAY REALTY CO OF BAY RIDGE LLC,BROOKLYN,11209,,Ben Bay Realty,Brooklyn,11209,address,100,(718) 238-6080,
NY:AMERIHOMES REALTY OF NY INC,AMERIHOMES REALTY OF NY INC,STATEN ISLAND,10306,,Amerihomes Realty,Staten Island,10306,name,100.0,(718) 447-2626,
NY:CENTURY 21 ACHIEVERS,CENTURY 21 ACHIEVERS,BROOKLYN,11210,,Michael AG Century 21 Achievers Realty,New York,11210,address,100,(347) 260-7752,
NY:COMPASS REALTY CENTRAL INC,COMPASS REALTY CENTRAL INC,BROOKLYN,11204,,Compass Realty Central,Brooklyn,11204,name,100.0,(718) 232-6400,(718) 232-6400
NY:FANG FANG REALTY INC,FANG FANG REALTY INC,BROOKLYN,11220,,Fang Fang Realty Inc.,New York,11220,name,100.0,(718) 676-2518,(718) 676-2518;(917) 200-1996
NY:BERKSHIRE HATHAWAY HOMESERVICES DISCOVER REAL ESTATE,BERKSHIRE HATHAWAY HOMESERVICES DISCOVER REAL ESTATE,SPENCERPORT,14559,,Berkshire Hathaway Homeservices Discover Real Estate,Spencerport,14559,name,100.0,(585) 352-4896,
NY:STEPHEN JOSEPH PROPERTIES,STEPHEN JOSEPH PROPERTIES,MASSAPEQUA PARK,11762,,Stephen Joseph Properties,Massapequa Park,11762,name,100.0,(516) 809-9288,
NY:BLUE ISLAND HOMES NY LLC,BLUE ISLAND HOMES NY LLC,BELLMORE,11710,,Blue Island Homes,Bellmore,11710,name,100.0,(516) 613-3600,
NY:LANDMARK ELITE HOMES CORP,LANDMARK ELITE HOMES CORP,BALDWIN,11563,,Land Mark Elite Homes,Baldwin,11510,name,96.55172413793103,(404) 595-4932,(347) 569-5176;(404) 595-4932
NY:FIRST FLAG REALTY INC,FIRST FLAG REALTY INC,NEW HYDE PARK,11040,,First Flag Realty Inc,New Hyde Park,11040,name,100.0,(516) 673-4388,
NY:RELO REDAC INC,RELO REDAC INC,NEW YORK,10018,,Relo Redac,New York,10018,name,100.0,(212) 355-0011,
NY:HOMES BY MARA,HOMES BY MARA,SYOSSET,11791,,Homes By Mara,Syosset,11791,name,100.0,(516) 364-2500,(516) 364-2500
NY:LEGACY ESTATE REALTY,LEGACY ESTATE REALTY,GARDEN CITY PARK,11040,,Legacy Estate Realty,Garden City Park,11040,name,100.0,(516) 682-2803,
NY:JAGGI REAL ESTATE,JAGGI REAL ESTATE,HICKSIVLLE,11801,,Jaggi Real Estate Services,Hicksville,11801,name,100.0,(516) 445-5207,
NY:FRONTLINE REALTY GROUP LLC,FRONTLINE REALTY GROUP LLC,PORT JEFFERSON,11777,,Frontline Realty Group,Port Jefferson,11777,name,100.0,(631) 938-1481,
NY:CITY CONNECTIONS REALTY INC,CITY CONNECTIONS REALTY INC,NEW YORK,10010,,City Connections Realty Inc,New York,10010,name,100.0,(212) 627-7800,(212) 627-7800
NY:CORE GROUP MARKETING LLC,CORE GROUP MARKETING LLC,NEW YORK,10016,,"Core Group Marketing, Llc.",New York,10011,name,100.0,(212) 612-9612,
NY:TIME EQUITIES INC,TIME EQUITIES INC,NEW YORK,10003,,Time Equities Inc.,New York,10003,name,100.0,(212) 206-6000,
NY:COLDWELL BANKER ADVANTAGE,COLDWELL BANKER ADVANTAGE,STATEN ISLAND,10312,,Coldwell Banker Advantage,Staten Island,10312,name,100.0,(718) 447-3000,(718) 300-1123;(718) 447-3000
NY:PIERE MICHEL,PIERE MICHEL,NEW YORK,10001,,Piere Michel,New York,10038,name,100.0,(914) 447-8743,(212) 837-2986;(914) 447-8743
NY:FIND REAL ESTATE LLC,FIND REAL ESTATE LLC,NEW YORK,10018,,FIND Real Estate,New York,10018,name,100.0,(212) 300-6412,(212) 994-9965
NY:METROPOLITAN PROPERTY GROUP INC,METROPOLITAN PROPERTY GROUP INC,NEW YORK,10010,,Metropolitan Property Group,New York,10010,name,100.0,(718) 757-9748,(212) 353-2003
NY:CHRISTIES INTERNATIONAL REAL ESTATE GROUP LLC,CHRISTIES INTERNATIONAL REAL ESTATE GROUP LLC,NEW YORK,10020,,Christie's International Real Estate Group,New York,10020,name,100.0,(212) 590-2473,
NY:EXIT REALTY DKC,EXIT REALTY DKC,BRONX,10465,,EXIT Realty DKC,Bronx,10465,name,100.0,(718) 676-1371,
NY:LIN PAN REALTY GROUP LLC,LIN PAN REALTY GROUP LLC,GREAT NECK,11021,,Lin Pan Realty Group,Great Neck,11021,name,100.0,(516) 693-9888,(212) 680-0188;(516) 693-9888
NY:LEE & ASSOCIATES NYC LLC,LEE & ASSOCIATES NYC LLC,NEW YORK,10036,,Lee & Associates NYC,New York,10036,name,100.0,(212) 776-1200,
NY:EASTDIL SECURED LLC,EASTDIL SECURED LLC,NEW YORK,10019,,Eastdil Secured Llc,New York,10019,name,100.0,(212) 315-7200,
NY:CITY WIDE APARTMENTS INC,CITY WIDE APARTMENTS INC,NEW YORK,10018,,City Wide Apartments Inc,New York,10018,name,100.0,(212) 695-4360,
NY:BIZZARRO AGENCY LLC,BIZZARRO AGENCY LLC,NEW YORK,10027,,The Bizzarro Agency,New York,10027,name,100.0,(917) 979-2259,(917) 979-2259
NY:RE MAX BENCHMARK REALTY GROUP,RE MAX BENCHMARK REALTY GROUP,NEW WINDSOR,12553,,RE/MAX Benchmark Realty Group,New Windsor,12553,name,100.0,(845) 565-0004,
NY:RAND COMMERCIAL,RAND COMMERCIAL,NEW CITY,10956,,Rand Commercial,New City,10956,name,100.0,(845) 770-1205,(201) 567-5400;(845) 338-5252;(845) 744-2095;(845) 770-1285;(914) 946-8000
NY:CORCORAN BAER & MCINTOSH,CORCORAN BAER & MCINTOSH,NYACK,10960,,Corcoran Baer & McIntosh,Nyack,10960,name,100.0,(845) 358-9440,(212) 355-3550
NY:CROSS ISLAND REALTY ONE INC,CROSS ISLAND REALTY ONE INC,BELLEROSE,11426,,Cross Island Realty One,Bellerose,11426,name,100.0,(718) 831-0100,
NY:PRIME REALTY,PRIME REALTY,LITTLE NECK,11362,,Prime Realty,New York,11362,name,100.0,(718) 229-2922,
NY:CENTURY 21 MONTICELLO REALTY,CENTURY 21 MONTICELLO REALTY,WOODHAVEN,11421,,Century 21 Monticello Realty,Woodhaven,11421,name,100.0,(718) 804-5757,
NY:JAMIE REALTY GROUP,JAMIE REALTY GROUP,BAYSIDE,11361,,Jamie Realty Group,Bayside,11361,name,100.0,(718) 886-0668,(516) 328-0668;(718) 709-0504
NY:MODERN SPACES,MODERN SPACES,LONG ISLAND CITY,11101,,Modern Spaces,Long Island City,11101,name,100.0,(718) 784-1110,
NY:EXIT REALTY FIRST CHOICE,EXIT REALTY FIRST CHOICE,HOLLIS,11423,,EXIT Realty First Choice,Hollis,11423,name,100.0,(718) 380-2500,(718) 380-2500
NY:LJ REALTY TEAM INC,LJ REALTY TEAM INC,S OZONE PARK,11420,,Lj Realty Team Inc,South Ozone Park,11420,name,100.0,(516) 218-1261,(516) 218-1261
NY:EXIT REALTY ALL CITY,EXIT REALTY ALL CITY,LAURELTON,11413,,EXIT Realty All City,New York,11413,name,100.0,(718) 276-0077,
NY:CPRE NY LLC,CPRE NY LLC,FLUSHING,11354,,CPRE Group,New York,11354,name,100.0,(212) 960-8787,(212) 960-8787;(917) 261-4920
NY:ASHFORD HOMES LLC,ASHFORD HOMES LLC,STATEN ISLAND,10305,,Ashford Homes,Staten Island,10306,name,100.0,(929) 364-1301,(929) 364-1301
NY:HOMES R US REALTY OF NY INC,HOMES R US REALTY OF NY INC,STATEN ISLAND,10305,,Homes R Us Realty,Staten Island,10305,name,100.0,(718) 668-2550,(646) 392-6633;(646) 464-3442;(718) 668-2550;(718) 702-9948;(917) 232-7444;(917) 683-5990;(917) 856-2012;(917) 995-2724
NY:Q HOME SALES,Q HOME SALES,POMONA,10970,,Q Home Sales,Pomona,10970,name,100.0,(845) 357-4663,
NY:JOSEPH BARATTA COMPANY REALTY,JOSEPH BARATTA COMPANY REALTY,TARRYTOWN,10591,,Joseph Baratta & Company Realty,Tarrytown,10591,name,93.33333333333333,(203) 570-2877,
NY:CENTURY 21 ELITE REALTY,CENTURY 21 ELITE REALTY,WHITE PLAINS,10605,,Century 21 Elite Realty,White Plains,10605,name,100.0,(914) 345-3550,
NY:ROOHAN REALTY,ROOHAN REALTY,SARATOGA SPRINGS,12866,,Roohan Realty,Saratoga Springs,12866,name,100.0,(518) 587-4500,(518) 587-4500
NY:KEUKA LAKE & LAND REALTY,KEUKA LAKE & LAND REALTY,PENN YAN,14527,,Keuka Lake and Land Realty,Penn Yan,14527,name,93.75,(315) 536-7446,
NY:MIGRATE REALTY LLC,MIGRATE REALTY LLC,BOHEMIA,11716,,Migrate Realty Llc,Bohemia,11716,name,100.0,(631) 699-5011,(631) 699-5011
NY:WILLIAM RAVEIS HAMPTONS LLC,WILLIAM RAVEIS HAMPTONS LLC,EAST HAMPTON,11947,,William Raveis Hamptons,East Hampton,11937,name,100.0,(631) 324-8080,
NY:LONG ISLAND HOME PROPERTIES LLC,LONG ISLAND HOME PROPERTIES LLC,HOLBROOK,11741,,Long Island Home Properties,Holbrook,11741,name,100.0,(631) 676-4663,
NY:EXIT REALTY EDGE,EXIT REALTY EDGE,PATCHOGUE,11772,,EXIT Realty Edge,Patchogue,11772,name,100.0,(631) 730-5100,
NY:VANTAGE REALTY PARTNERS,VANTAGE REALTY PARTNERS,PORT JEFFERSON,11777,,Vantage Realty Partners,Port Jefferson,11777,name,100.0,(631) 562-0606,(631) 562-0606
NY:EXIT REALTY ISLAND ELITE,EXIT REALTY ISLAND ELITE,PORT JEFF STATION,11776,,EXIT Realty Island Elite,Port Jefferson Station,11776,name,100.0,(631) 331-4000,
NY:LISTING PRO REALTY SERVICES INC,LISTING PRO REALTY SERVICES INC,SMITHTOWN,11787,,Listing Pro Realty Services,Smithtown,11787,name,100.0,(631) 656-6600,
NY:EXIT FAMILY REALTY,EXIT FAMILY REALTY,LINDENHURST,11757,,Exit Family Realty,Lindenhurst,11757,name,100.0,(631) 450-4777,
NY:HALTER ASSOCIATES REALTY INC,HALTER ASSOCIATES REALTY INC,BEARSVILLE,12409,,Halter Associates Realty,Woodstock,12409,name,100.0,(845) 679-2010,(845) 331-3110;(845) 679-2010;(845) 684-5577
NY:RE MAX DISTINGUISHED HOMES & PROPERTIES,RE MAX DISTINGUISHED HOMES & PROPERTIES,TUCKAHOE,10707,,Re/max Distinguished Homes & Properties,Tuckahoe,10707,name,100.0,(914) 346-8255,
NY:GINER REAL ESTATE INC,GINER REAL ESTATE INC,KATONAH,10536,,Giner Realty,Katonah,10536,name,100.0,(914) 263-0345,(203) 515-8388;(203) 565-1911;(203) 948-9748;(434) 386-1121;(862) 592-2234;(901) 831-5848;(914) 261-1444;(914) 261-8535;(914) 261-9233;(914) 262-4052;(914) 263-0345;(914) 263-5015;(914) 282-5124;(914) 374-5358;(914) 384-2177;(914) 384-4240;(914) 400-8502;(914) 401-9700;(914) 413-5958;(914) 420-0419;(914) 420-7384;(914) 494-4527;(914) 494-7968;(914) 497-9169;(914) 512-0335;(914) 519-8636;(914) 522-3020;(914) 523-9318;(914) 525-2992;(914) 552-4504;(914) 582-1800;(914) 582-2372;(914) 589-0547;(914) 618-2830;(914) 642-5822;(914) 646-1209;(914) 729-4270;(914) 755-7864;(914) 774-8509;(914) 806-3172;(914) 815-5595;(914) 830-3548;(914) 843-5810;(914) 907-1728;(914) 953-9033;(914) 954-4000;(917) 359-0247;(917) 374-0026;(917) 374-0027;(917) 526-0171;(917) 703-3438;(917) 763-2032;(917) 825-0437;(917) 842-4897;(917) 923-1355
NY:GINNEL REAL ESTATE,GINNEL REAL ESTATE,BEDFORD HILLS,10507,,Ginnel Real Estate,Bedford Hills,10507,name,100.0,(914) 234-9234,(914) 234-9234;(914) 764-2424
NY:MARY JANE PASTOR REALTY,MARY JANE PASTOR REALTY,HARTSDALE,10530,,Mary Jane Pastor Realty,Greenburgh,10530,name,100.0,(914) 682-1799,(914) 682-1799
CT:REB.0788682,TIER 1 REAL ESTATE LLC,BRISTOL,06010,,Tier 1 Real Estate,Bristol,06010,name,100.0,(860) 578-2016,(860) 578-2016
CT:RTM.0000077,BROOKE TEAM AT EXP REALTY,,,,Brooke Team at EXP Realty,Plantsville,06479,name_statewide_unique,100,(860) 323-8020,(860) 323-8020
CT:REB.0751271,CALCAGNI REAL ESTATE INC,WALLINGFORD,06492,,Calcagni Real Estate,Wallingford,06492,name,100.0,(203) 265-1821,(203) 265-1821;(203) 272-1821;(203) 458-1821;(203) 772-1821;(860) 419-1821
CT:REB.0790976,YELLOWBRICK REAL ESTATE LLC,MILFORD,06461,,Yellowbrick Real Estate,Milford,06461,name,100.0,(203) 445-6949,
CT:REB.0792224,REGENCY REAL ESTATE LLC,WATERTOWN,06795,,Regency Real Estate,Watertown,06795,name,100.0,(475) 471-1044,(860) 945-9868
CT:REB.0790711,SCALZO REAL ESTATE COMPANY LLC,BETHEL,06801,,Scalzo Group Real Estate Services,Bethel,06801,name,100.0,(203) 205-7603,(203) 826-2464
CT:REB.0751320,CBRE INC,STAMFORD,06901,,Cbre,Stamford,06901,name,100.0,(203) 329-7900,
CT:REB.0788965,CT HOMETOWN REALTY LLC,ENFIELD,06082,,Ct Hometown Realty,Enfield,06082,name,100.0,(860) 623-7900,
TX:9004776-BB,"REPEAT REALTY, L.L.C.",,,DENTON,Repeat Realty,Lewisville,75057,name,100.0,(972) 966-6683,(972) 966-6683
TX:602115-BB,HOMEROCK REALTY LLC,,,MONTGOMERY,Homerock Realty,Spring,77386,name,100.0,(346) 472-2995,
TX:9015831-BB,1ST CHOICE WEST LLC,,,BEXAR,1st Choice West,San Antonio,78228,name,100.0,(210) 310-3148,
TX:9013706-BB,MONARCA REAL ESTATE GROUP LLC,,,HIDALGO,Monarca Real Estate,McAllen,78501,name,100.0,(956) 862-2964,(956) 862-2964
TX:9015868-BB,JADE REAL ESTATE LLC,,,HIDALGO,JADE Real Estate,McAllen,78501,name,100.0,(956) 534-7917,
TX:439776-BB,"HOLT LUNSFORD COMMERCIAL, INC.",,,DALLAS,Holt Lunsford Commercial,Dallas,75235,name,100.0,(214) 630-2401,(713) 850-8500;(817) 710-1110;(972) 241-8300
TX:9007586-BB,PREMIER REALTY LLC,,,NAVARRO,Premier Realty,Corsicana,75110,name,100.0,(903) 390-1707,
TX:9002426-BB,MILLER HOMES GROUP PLLC,,,SMITH,Miller Homes Group,Tyler,75703,name,100.0,(903) 504-5474,
TX:9001563-BB,"RESIDENT REALTY, LTD",,,TRAVIS,Resident Realty,Austin,78703,name,100.0,(512) 899-8309,
TX:9007434-BB,"ROCKONE REALTY, LLC",,,RANDALL,RockOne Realty,Amarillo,79119,name,100.0,(806) 599-9900,(806) 599-9900
TX:581738-BB,"DFWCITYHOMES, LLC",,,DALLAS,DFWCityhomes,Dallas,75228,name,100.0,(214) 207-0210,(214) 207-0210
TX:9009575-BB,HOME CHARM REALTY LLC,,,ECTOR,Home Charm Realty,Odessa,79762,name,100.0,(432) 614-1813,
TX:9011221-BB,EVOLVE REAL ESTATE LLC,,,DALLAS,Evolve Real Estate,Dallas,75204,name,100.0,(972) 806-1742,
TX:9002555-BB,"URIAH REAL ESTATE ORGANIZATION, LLC",,,BEXAR,"Uriah Real Estate Organization, Llc",San Antonio,78210,name,100.0,(830) 600-5263,(830) 600-5263
TX:9009932-BB,KIANI REALTY LLC,,,HARRIS,Kiani Realty,Bellaire,77401,name,100.0,(832) 276-9935,
TX:9007202-BB,THE REAL ESTATE RANCH LLC,,,MIDLAND,The Real Estate Ranch LLC,Midland,79705,name,100.0,(432) 688-8200,(432) 688-8200;(432) 934-3333;(512) 829-4172;(512) 970-1610
TX:483887-BB,HORSESHOE BAY RESORT REALTY LLC,,,LLANO,Horseshoe Bay Resort,Marble Falls,78654,name_statewide_unique,100,(830) 598-2702,
TX:334306-BB,"JACKSON & COOKSEY, INC.",,,DALLAS,"Jackson & Cooksey, Ltd.",Dallas,75251,name,100.0,(972) 934-9757,
TX:9001525-BB,WHITE PICKET REALTY LLC,,,HARRIS,White Picket Realty,Houston,77074,name,100.0,(832) 532-9229,
TX:9016179-BB,"PREMIER HAUS REALTY, LLC",,,HARRIS,Premier Haus Realty,Houston,77043,name,100.0,(713) 364-9169,
TX:559792-BB,"CATTELL REAL ESTATE GROUP, INC.",,,JEFFERSON,Cattell Real Estate,Beaumont,77701,name,100.0,(409) 899-2857,(214) 543-9781;(214) 662-8847;(318) 213-1555;(409) 899-2857;(409) 899-9208;(469) 712-4888;(727) 888-4175;(817) 237-3338;(817) 521-5206;(817) 657-2470;(903) 630-4321
TX:9007174-BB,PAULY PRESLEY REALTY LLC,,,TRAVIS,Pauly Presley Realty,Austin,78702,name,100.0,(512) 482-9602,(512) 482-9602;(512) 580-8284
TX:9009338-BB,B & W REALTY GROUP LLC,,,HARRIS,B & W Realty Group,Houston,77042,name,100.0,(832) 650-8888,
TX:9004068-BB,"3D REALTY AND PROPERTY MANAGEMENT, LLC",,,BEXAR,3D Realty and Property Management,San Antonio,78230,name,100.0,(210) 276-0140,
TX:9013594-BB,THE AGENCY TEAM LLC,,,HARRIS,The Agency Team,Houston,77008,name,100.0,(832) 207-3277,
TX:405391-BB,ROBERT LYNN COMPANY,,,DALLAS,Robert Lynn Co.,Graham,76450,name_statewide_unique,100,(214) 256-7100,(214) 256-7100;(281) 595-0123;(817) 885-8333
TX:9005265-BB,GREAT WALL REALTY LLC,,,HARRIS,Great Wall Realty,Houston,77042,name,100.0,(713) 732-7519,
TX:9012509-BB,TRUST REAL ESTATE INC,,,HARRIS,Trust Real Estate,Houston,77024,name,100.0,(832) 563-0116,(832) 563-0116
TX:9014376-BB,"LEVITATE REAL ESTATE, LLC",,,MONTGOMERY,Levitate Real Estate ,The Woodlands,77380,name,100.0,(832) 775-6890,(832) 775-6890
TX:9010992-BB,"FUNK REALTY GROUP, LLC",,,COLLIN,Funk Realty Group,Prosper,75078,name,100.0,(972) 716-3865,
TX:9004755-BB,"TOP FLIGHT PROPERTIES, LLC",,,LUBBOCK,Top Flight Realty Group,New Braunfels,78130,name_statewide_unique,100,(210) 643-5169,
TX:9000689-BB,"REALTY RIGHT TEXAS, LLC",,,HARRIS,Realty Right Texas,Houston,77070,name,100.0,(713) 589-8808,
TX:9010184-BB,ELITE LIVING REALTY LLC,,,DALLAS,Elite Living Realty,Dallas,75240,name,100.0,(214) 506-0634,
TX:9002624-BB,"TEXAS URBAN LIVING REALTY, LLC",,,DALLAS,Texas Urban Living Realty,Dallas,75206,name,100.0,(214) 823-7783,(214) 823-7783;(214) 935-8873
TX:8999937-BB,DEN PROPERTY GROUP LLC,,,TRAVIS,DEN Property Group,Austin,78701,name,100.0,(512) 222-3364,
TX:9006469-BB,THE STANDARD REALTY GROUP LLC,,,DALLAS,Standard Real Estate,Dallas,75206,name,100.0,(214) 301-1773,(903) 245-4448;(972) 265-9289
TX:9004295-BB,TEXAS CONNECT REALTY LLC,,,TARRANT,Texas Connect Realty,Arlington,76017,name,100.0,(469) 658-5552,
TX:9008842-BB,"BRADEN REAL ESTATE GROUP, LLC",,,HARRIS,Braden Real Estate Group,Houston,77002,name,100.0,(832) 408-9882,
TX:9004038-BB,"KIMBERLY ADAMS REALTY, LLC",,,DENTON,Kimberly Adams Realty,Arlington,76005,name_statewide_unique,100,(817) 513-4708,(817) 703-6513
TX:537876-BB,HOMETOWN AMERICA INCORPORATED,,,FORT BEND,Hometown America,Sugar Land,77479,name,100.0,(281) 565-5626,(281) 565-5626
TX:9012752-BB,SIGNATURE REAL ESTATE GROUP LLC,,,TARRANT,Signature Real Estate Group,Arlington,76013,name,100.0,(682) 551-8954,
TX:9015975-BB,PREMIER PROPERTIES REALTY GROUP TX LLC,,,COLLIN,Premier Properties Group,Rockwall,75087,name,100.0,(214) 414-3712,
TX:9001972-BB,FORE PREMIER PROPERTIES LLC,,,KERR,Fore Premier Properties,Kerrville,78028,name,100.0,(830) 257-4000,(830) 238-3000;(830) 257-4000;(830) 997-4400
TX:9002649-BB,ELEVATE REALTY GROUP INC,,,HOOD,Elevate Realty Group,Granbury,76049,name,100.0,(817) 736-5757,
TX:9014077-BB,TEXAS LEGACY GROUP LLC,,,JOHNSON,Texas Legacy Realty,Burleson,76028,name,100.0,(817) 312-9545,
TX:9005004-BB,"KINGFAY, INC",,,FORT BEND,Kingfay,Missouri City,77459,name,100.0,(832) 539-6468,
TX:9008358-BB,CITIWIDE ALLIANCE REALTY LLC,,,DALLAS,Citiwide Alliance Realty,Dallas,75204,name,100.0,(469) 877-9632,
TX:9012392-BB,"KEEPING IT REALTY, LLC",,,BEXAR,Keeping It Realty,Temple,76502,name_statewide_unique,100,(254) 935-3808,
TX:380948-BB,"SANDY MESSER AND ASSOCIATES, INC",,,EL PASO,Sandy Messer & Associates,El Paso,79912,name,92.3076923076923,(915) 833-6111,(915) 833-6111
TX:9002956-BB,"ZARCO PROPERTIES, LLC",,,MONTGOMERY,Zarco Properties Llc,The Woodlands,77381,name,100.0,(281) 306-0336,
TX:9010792-BB,"THE RIGHT MOVE REAL ESTATE GROUP, LLC",,,EL PASO,The Right Move Real Estate Group. Llc,El Paso,79935,name,100.0,(915) 253-1966,
TX:423517-BB,TOPGUNS LAND COMPANY,,,MONTGOMERY,Topguns Land,Conroe,77304,name,100.0,(281) 440-6633,(936) 582-1700
TX:432317-BB,"BERNSTEIN REALTY, INC.",,,HARRIS,Bernstein Realty,Hedwig Village,77024,name,100.0,(713) 932-1032,(713) 932-1032
TX:584735-BB,"BROOKS & DAVIS REAL ESTATE FIRM, LLC",,,HARRIS,Brooks & Davis Real Estate Firm,Houston,77054,name,100.0,(713) 665-8329,(713) 665-8329
TX:451636-BB,NEW BEDFORD COMPANY INC,,,BEXAR,"New Bedford Company, Inc.",Helotes,78023,name,100.0,(210) 241-8039,
TX:9002926-BB,"MAYBEN REALTY, LLC",,,TITUS,Mayben Realty,Mt Pleasant,75455,name,100.0,(903) 572-2400,
TX:9000631-BB,BENTWOOD REALTY LLC,,,MCLENNAN,Bentwood Realty,Waco,76710,name,100.0,(254) 300-4800,
TX:9006010-BB,"JERRY FULLERTON REALTY, INC",,,HARRIS,"Jerry Fullerton Realty, Inc",Houston,77092,name,100.0,(281) 949-8771,
TX:9005507-BB,6TH AVE HOMES LLC,,,TARRANT,6th Ave Homes,Fort Worth,76104,name,100.0,(817) 631-9803,(817) 631-9803
TX:380940-BB,"LINCOLN PROPERTY COMPANY COMMERCIAL, INC.",,,DALLAS,"Lincoln Property Company Commercial, Inc.",Dallas,75201,name,100.0,(214) 740-3344,(214) 740-3300
TX:9005533-BB,"MITCHELL REALTY, LLC",,,BEXAR,Mitchell Realty,San Antonio,78213,name,100.0,(210) 316-6274,
TX:9007429-BB,WHITE LINE REALTY LLC,,,BEXAR,White Line Realty,San Antonio,78217,name,100.0,(210) 951-3478,
TX:542739-BB,"TEXAS RANCH SALES, LLC",,,MEDINA,Texas Ranch Sales,Boerne,78006,name_statewide_unique,100,(830) 741-8906,(830) 741-8906
TX:515642-BB,SIGMA RELOCATION GROUP LLC,,,DALLAS,Sigma Relocation,Irving,75038,name,100.0,(469) 322-3550,
TX:9001066-BB,"GROVE REALTY TEAM, LLC",,,CAMERON,Grove Team,Keller,76248,name_statewide_unique,100,(817) 337-0000,(817) 337-0000
TX:9004478-BB,"R. ALEXA GROUP, LLC",,,HARRIS,R. Alexa Group,Bellaire,77401,name,100.0,(713) 705-0086,(713) 705-0086
TX:9008104-BB,"HOUSE BROKERAGE, LLC",,,TARRANT,House Brokerage,Arlington,76013,name,100.0,(940) 765-4844,(972) 846-9270
TX:528222-BB,UNIVERSAL REALTY INC.,,,TARRANT,Universal Realty,Fort Worth,76110,name,100.0,(817) 300-8784,(817) 300-8784
TX:9007760-BB,"LEGACY HOMES & PROPERTIES, L.L.C.",,,HARRIS,"Legacy Homes & Properties, LLC",Humble,77338,name,100.0,(281) 787-2391,(281) 787-2391
TX:9008481-BB,TRUHOME REAL ESTATE LLC,,,COLLIN,TruHome Real Estate,Plano,75024,name,100.0,(469) 853-9784,
TX:557577-BB,"WILLIAM DAVIS REAL ESTATE SERVICES, LLC",,,DALLAS,William Davis Realty,Dallas,75248,name,100.0,(214) 705-1000,(214) 705-1000;(972) 732-6002
FL:1042979,FIRST REALTY SERVICES CORPORATION,FORT LAUDERDALE,33301,,RE/MAX FIRST,Fort Lauderdale,33301,name,100.0,(954) 900-2120,
FL:1050127,FOUNDRY COMMERCIAL LLC,ORLANDO,32801,,Foundry Commercial,Orlando,32801,name,100.0,(407) 540-7700,(214) 996-9800;(404) 649-6920;(407) 540-7700;(561) 208-7979;(615) 997-0010;(704) 523-0272;(786) 632-2100;(813) 286-7530;(904) 345-2023;(919) 576-2680;(949) 939-6238
FL:1030749,"DOCKERY REALTY GROUP, LLC",LAKELAND,33801,,Re/max Experts,Lakeland,33801,name,100.0,(863) 802-5262,
FL:1060008,ANNA LEE WILLIAMS PA,SARASOTA,34231,,Showtime Realty,Sarasota,34231,name,100.0,(941) 822-0890,(941) 822-0890
FL:1016023,WATER POINTE REALTY GROUP OF JUPITER INC,TEQUESTA,33469,,Water Pointe Realty of Jupiter,Tequesta,33469,name,100.0,(561) 747-3377,
FL:1003357,WATERFRONT PROPERTIES INC,JUPITER,33477,,Waterfront Properties and Club Communities,Jupiter,33477,name,96.42857142857143,(561) 746-7272,(561) 626-7272;(561) 746-7272;(772) 287-7676
FL:1039617,HAMILTON FRANKLIN REALTY LLC,CAPE CORAL,33909,,Hamilton-Franklin Realty,Cape Coral,33993,name,100.0,(239) 878-2478,
FL:1036225,EQUIESTATE CORP,MIAMI LAKES,33016,,Equiestate,Miami Lakes,33014,name,100.0,(305) 557-5345,(305) 557-5345;(305) 674-4022;(754) 422-8146;(954) 370-9775
FL:1022667,PAT COLLADO P A,NEW SMYRNA BEACH,32169,,Collado Real Estate,New Smyrna Beach,32169,name,100.0,(386) 427-0002,
FL:1026022,JM INTERNATIONAL REALTY INC,MIAMI,33172,,JM International Realty,Doral,33172,name,100.0,(786) 287-4843,
FL:1012725,NAUMANN GROUP REAL ESTATE INC,TALLAHASSEE,32308,,The Naumann Group Real Estate,Tallahassee,32308,name,100.0,(850) 445-5510,(850) 325-1681;(850) 325-1686
FL:1059493,DREAMWORKS REAL ESTATE INC,STUART,34994,,Fulton Grace Realty Florida,Stuart,34994,name,100.0,(772) 888-3076,
FL:255946,MCAFEE MANDARIN INC,JACKSONVILLE,32223,,RE/MAX Specialists,Jacksonville,32223,name,100.0,(904) 260-4550,
FL:1044058,CAPITAL HOMES INC,BOCA RATON,33428,,"Capital Realty Group, Inc.",Boca Raton,33431,name,100.0,(954) 501-8500,(954) 501-8500
FL:1009260,IMMANUEL REALTY INC,TAMPA,33629,,Florida Executive Realty,Tampa,33629,name,94.44444444444444,(813) 832-5400,
FL:1000237,FLORIDA EXECUTIVE REALTY INC,TAMPA,33647,,Florida Executive Realty,Tampa,33629,name,100.0,(813) 832-5400,
FL:1047823,CAMPBELL AND ROSEMURGY REAL ESTATE INC,DEERFIELD BEACH,33441,,Campbell & Rosemurgy Real Estate,Deerfield Beach,33441,name,94.73684210526316,(954) 427-8686,(561) 395-9355;(954) 427-8686
FL:1003882,SUNDANCE REALTY GROUP INC,ORMOND BEACH,32176,,Century 21 Sundance Realty,Ormond Beach,32176,name,100.0,(386) 441-2000,
FL:1042888,BLAKE REAL ESTATE INC,CLEARWATER,33759,,Blake Real Estate Inc.,Clearwater,33759,name,100.0,(727) 359-0388,
FL:1041552,TIXE REALTY SERVICES INC,LAKE WORTH,33467,,EXIT Realty Premier Elite,Lake Worth Beach,33467,name,100.0,(561) 967-3948,
FL:1053548,GRAND LION REAL ESTATE GROUP LLC,MIAMI,33131,,The Grand Lion Real Estate Group,Miami,33131,name,100.0,(305) 423-5207,(305) 423-5207
FL:1040959,ATCHLEY INTERNATIONAL REALTY LLC,BRADENTON,34202,,Better Homes and Gardens Real Estate Atchley Properties,Bradenton,34202,name,100.0,(941) 556-9100,
FL:1012307,SAND DOLLAR REALTY GROUP INC,ALTAMONTE SPRINGS,32714,,Sand Dollar Realty Group,Altamonte Springs,32714,name,100.0,(407) 389-7318,(407) 389-7318
FL:1008347,MARR PROPERTIES SOUTH INC,ISLAMORADA,33036,,American Caribbean Real Estate,Islamorada,33036,name,100.0,(305) 664-4966,
FL:245459,BEACH FRONT MANN REALTY & MANAGEMENT INC,JENSEN BEACH,34957,,Beach Front Mann Realty & Management,Jensen Beach,34957,name,100.0,(772) 229-1111,(772) 201-1202;(772) 201-1205;(772) 225-0665;(772) 229-1111;(772) 370-3353;(772) 528-0382;(772) 530-1795
FL:1029425,LEE ISLAND COAST REAL ESTATE INC,FORT MYERS,33907,,CornerStone Coastal Properties,Fort Myers,33907,name,100.0,(239) 989-0111,(239) 989-0111
FL:99614,HANSEN REALTY INC,FT LAUDERDALE,33308,,Century 21 Hansen Realty,Fort Lauderdale,33308,name,100.0,(954) 776-5400,
FL:1037142,"REALVEST EQUITY PARTNERS, LLC",ORLANDO,32810,,Nai Realvest,Orlando,32810,name,100.0,(407) 875-9989,(386) 238-3600;(407) 875-3137;(407) 875-9989
FL:1033650,FLORIDA REALTY RESULTS LLC,SAINT CLOUD,34769,,Florida Realty Results,St Cloud,34769,name,100.0,(407) 873-1797,(407) 498-3838
FL:1010130,NRT COMMERCIAL LLC,SARASOTA,34231,,Coldwell Banker Commercial NRT,Sarasota,34236,name,92.85714285714286,(941) 925-8586,
FL:1045087,OCEAN REEF CLUB REAL ESTATE COMPANY,KEY LARGO,33037,,Ocean Reef Club Sotheby's International Realty,Key Largo,33037,name,100.0,(305) 367-8972,
FL:1067001,"AMERISOUTH REALTY PARTNERS, LLC",PENSACOLA,32534,,Century 21 Amerisouth Realty,Pensacola,32534,name,100.0,(850) 478-6800,(850) 478-6800;(850) 934-8700
FL:217123,FANNIE HILLMAN & ASSOCIATES INC,WINTER PARK,32789,,Fannie Hillman + Associates,Winter Park,32789,name,93.33333333333333,(407) 644-1234,(407) 644-1234
FL:1006005,ROBERTS REAL ESTATE INC,OCALA,34470,,Roberts Real Estate Inc,Ocala,34470,name,100.0,(352) 351-0011,(352) 245-3388;(352) 351-0011
FL:240002,REALTY GROUP OF LEE COUNTY I INC,FORT MYERS,33907,,RE/MAX Realty Group,Fort Myers,33907,name,100.0,(239) 489-0444,
FL:267990,SOUTHDALE PROPERTIES INC,LAKE WORTH,33460,,Southdale Properties Inc,Lake Worth Beach,33460,name,100.0,(561) 313-4582,
FL:1030764,RIGHT CHOICE REALTY LLC,FORT MYERS,33912,,ERA Right Choice Realty,Fort Myers,33912,name,100.0,(239) 333-2378,(239) 262-4333;(239) 333-2378;(239) 463-0000;(239) 542-1998
FL:1042478,AVISON YOUNG FLORIDA LLC,FORT LAUDERDALE,33301,,Avison Young,Fort Lauderdale,33301,name,100.0,(954) 903-1800,
FL:265829,CONTINENTAL PROPERTIES INC,NORTH PALM BEACH,33403,,Continental Properties,West Palm Beach,33403,name,100.0,(561) 285-1213,(732) 855-8484
FL:216678,HUDSON REALTY OF THE PALM BEACHES INC,BOYNTON BCH,33426,,Hudson Realty of the Palm Beaches,Boynton Beach,33435,name,100.0,(561) 734-6000,
FL:1062492,BRICKELL REALTY GROUP INTERNATIONAL LLC,MIAMI,33172,,Brickell Realty Group,Sweetwater,33172,name,100.0,(305) 477-1818,(305) 778-8856
FL:1043981,BROKERNATION REAL ESTATE INC,NORTH MIAMI,33181,,Brokernation Real Estate,North Miami,33181,name,100.0,(305) 602-4410,(305) 508-9893;(305) 602-4410;(306) 602-4410
FL:1009765,SMITH & LANCASTER INC,CHIEFLAND,32626,,Smith and Associates United Country,Chiefland,32626,name,95.23809523809523,(352) 463-7770,(352) 339-4812;(352) 463-7770
FL:1014836,BILLERO & BILLERO PROPERTIES LLC,SEBASTIAN,32958,,DB Real Estate Team Powered By Billero & Billero Properties,Sebastian,32958,address,100,(772) 539-2313,
FL:1052290,D & B REALTY GROUP INC,HOLLYWOOD,33020,,Re/max 5 Star Realty,Hollywood,33020,name,100.0,(954) 453-1000,
FL:275381,POOLE REALTY INC,LIVE OAK,32064,,Poole Realty Inc,Live Oak,32064,name,100.0,(386) 362-4539,(305) 986-8779;(352) 363-0685;(386) 208-5244;(386) 209-6814;(386) 209-7658;(386) 249-4138;(386) 362-4539;(386) 515-9227;(386) 590-1298;(386) 688-8067;(386) 935-9271
FL:213829,J W MORTON REAL ESTATE INC,INVERNESS,34450,,J.W. Morton Real Estate,Inverness,34450,name,100.0,(954) 218-4490,(352) 726-6668
FL:1059115,LA ROSA REALTY KENDALL LLC,KENDALL,33186,,La Rosa Realty Kendall,Miami,33186,name,100.0,(321) 939-3748,(321) 939-3748
FL:1028332,LUXURY PARTNERS LLC,DELRAY BEACH,33446,,Luxury Partners Realty,Delray Beach,33446,name,100.0,(561) 912-9209,(561) 819-5600
FL:1049345,WAYPOINT PROPERTIES FLORIDA LLC,CRAWFORDVILLE,32327,,Waypoint Properties,Crawfordville,32327,name,100.0,(850) 926-9100,
FL:1034262,ELITE SALES GROUP INC,PINECREST,33156,,Elite Sales Group Real Estate,Pinecrest,33156,name,100.0,(305) 554-1544,(305) 222-4444;(305) 554-1544
FL:254105,DANIEL CRAPPS AGENCY INC,LAKE CITY,32055,,Daniel Crapps Agency,Lake City,32055,name,100.0,(386) 755-5110,(386) 755-5110;(386) 755-7851
FL:1033498,YELLOWFIN REALTY GROUP LLC,VALRICO,33578,,Yellowfin Realty,Riverview,33578,name,100.0,(813) 229-8862,
FL:1063728,IMPACT HOLDINGS GULF BEACHES LLC,SEMINOLE,33772,,Keller Williams Gulf Beaches,Seminole,33772,name,100.0,(727) 367-3756,
FL:1035398,HORIZON REALTY INTERNATIONAL INC,BRADENTON,34203,,Horizon Realty International Inc.,Bradenton,34203,name,100.0,(941) 238-0953,(941) 238-0953
FL:231574,ATLANTIC PROPERTIES INTERNATIONAL INC,FT LAUDERDALE,33308,,Atlantic Properties International,Fort Lauderdale,33308,name,100.0,(954) 249-3062,(954) 205-7197
FL:1060990,LAKEWOOD RANCH REAL ESTATE GROUP LLC,SARASOTA,34240,,Lakewood Ranch,Sarasota,34231,name,100.0,(941) 918-1956,(941) 918-1956
FL:1032252,SEAWINDS INVESTMENT REALTY LLC,PALM BEACH GARDENS,33418,,Seawinds Realty,Palm Beach Gardens,33418,address,100,(561) 379-5536,(561) 379-5536
FL:1020022,HOMERUN REALTY LLC,OCALA,34470,,Homerun Realty LLC,Ocala,34470,name,100.0,(352) 624-0935,
FL:1041519,CANERO GROUP LLC,CORAL GABLES,33134,,The Canero Group,Coral Gables,33134,name,100.0,(305) 444-5004,(305) 444-5004;(305) 496-6474;(786) 302-6882
FL:1046309,SIGNATURE INTERNATIONAL PREMIER PROPERTIES LLC,BOCA RATON,33434,,Signature International Premier Properties,Boca Raton,33487,name,100.0,(561) 404-8850,(561) 404-8850
FL:1053718,KEY WEST COMPASS LLC,KEY WEST,33040,,Keller Williams Key West Compass Realty,Key West,33040,name,100.0,(305) 292-0020,
FL:1030787,ARG DBJ LLC,FORT MYERS,33912,,Alliance Realty Group,FORT MYERS,33912,name,100.0,(239) 274-6637,(239) 274-6637;(972) 816-8827
FL:1044106,NEXT GENERATION REALTY OF FLORIDA LLC,OCALA,34471,,Sellstate Next Generation Realty,Ocala,34471,name,100.0,(352) 387-2383,
FL:1036724,ROUND TABLE REALTY INC,ST. JOHNS,32259,,Round Table Realty,St Johns,32259,name,100.0,(904) 469-7653,
FL:1059928,GARRETT BELL LLC,MELBOURNE,32935,,Denovo Realty,Melbourne,32935,name,100.0,(321) 237-1887,
FL:1053809,TENACE REALTY OF JUPITER INC,JUPITER,33458,,Century 21 Tenace Realty,Jupiter,33458,name,100.0,(561) 429-3340,
FL:228160,ALLIANCE ENTERPRISES OF THE NATURE COAST INC,SPRING HILL,34609,,Century 21 Alliance Realty,Spring Hill,34609,name,100.0,(352) 686-0000,(352) 686-0000
FL:1037994,GRAND HAVEN REALTY LLC,PALM COAST,32137,,Grand Haven Realty,Palm Coast,32137,name,100.0,(386) 445-0056,
FL:1057603,GERI WESTFALL REAL ESTATE PA,ORMOND BEACH,32174,,Geri Westfall Real Estate,Ormond Beach,32174,name,100.0,(386) 677-0870,
FL:1067218,COASTAL GATEWAY REAL ESTATE GROUP LLC,PALM COAST,32137,,Coastal Gateway Real Estate Group,Palm Coast,32137,name,100.0,(386) 338-5000,
FL:1003861,"LEIBOWITZ REALTY GROUP, LLC",PALM BEACH GARDENS,33418,,Leibowitz Realty Group,Palm Beach Gardens,33418,name,100.0,(561) 262-0721,(561) 262-0721;(561) 262-0722
FL:1015381,BIG INTERNATIONAL REALTY INC,SUNNY ISLES,33160,,Big International Realty,Sunny Isles Beach,33160,name,100.0,(786) 280-6555,(786) 280-6555
FL:1049096,JUNGLE HUT INC,PALM COAST,32137,,Realty Executives Oceanside,Palm Coast,32137,name,100.0,(386) 439-1620,
FL:1066793,"SIGNATURE BEST FLORIDA REALTY, LLC",BOCA RATON,33434,,Signature Best Florida Realty,Boca Raton,33434,name,100.0,(561) 869-4445,(561) 869-4445
FL:1027371,SUDBURY HOLDING CORPORATION,CAPE CORAL,33904,,Sellstate Priority Realty,Cape Coral,33904,name,100.0,(239) 574-8888,
FL:1040655,AG REAL ESTATE ADVISORS LLC,MIAMI,33130,,AG Real Estate Advisors,Miami,33130,name,100.0,(305) 374-2092,(305) 794-2655
FL:1014257,TERRABELLA REALTY LLC,HALLANDALLE BEACH,33009,,Terrabella Realty,Hallandale Beach,33009,name,100.0,(786) 229-8009,(305) 222-4444;(786) 245-3735
FL:1057702,MARKET CONNECT REALTY LLC,ORLANDO,32819,,Market Connect Realty Llc,Orlando,32819,name,100.0,(407) 250-4708,
FL:182161,CITY REAL ESTATE CORP,CORAL SPRINGS,33065,,City Real Estate Corporation,Coral Springs,33065,name,100.0,(954) 755-1234,(954) 570-5703;(954) 755-1234
FL:1052582,EXPERIENCE WILTON MANORS LLC,WILTON MANORS,33305,,RE/MAX Experience,Wilton Manors,33305,name,100.0,(954) 541-8441,
FL:1035461,SANDALS REALTY GROUP INC,WEST PALM BEACH,33401,,Sandals Realty Group Inc.,West Palm Beach,33401,name,100.0,(561) 651-4159,(561) 651-4159
FL:1033849,PREMIER REALTY PARTNERS INC,WINDERMERE,34786,,Corcoran Premier Realty,Windermere,34786,name,100.0,(407) 749-6200,(407) 378-5585;(407) 749-6200
FL:1068127,VREELAND REAL ESTATE LLC,TAMPA,33602,,Vreeland Real Estate,Tampa,33602,name,100.0,(813) 945-4826,(813) 945-4826
FL:1046339,FOREVER FLORIDA REAL ESTATE INC,ST PETERSBURG,33707,,Forever Florida Real Estate,St Petersburg,33707,name,100.0,(727) 440-6444,
FL:1041020,GULFSTREAM GOLD LLC,ENGLEWOOD,34223,,KW Coastal Living,Englewood,34223,name,100.0,(941) 473-7399,
FL:1029360,ROSEBAY INTERNATIONAL REALTY INC,SARASOTA,34239,,"Rosebay International Realty, Inc",Sarasota,34239,name,100.0,(941) 366-7673,(941) 366-7673;(941) 955-1300;(941) 955-7673
FL:1056600,DAWN MILLER INVESTMENTS LLC,NAPLES,34108,,Sellstate Prime Realty,Naples,34108,name,100.0,(239) 734-3946,
FL:1031853,TALL PINES REALTY INC,ENGLEWOOD,34223,,Tall Pines Realty & Rentals,Englewood,34223,name,94.73684210526316,(941) 698-4111,
FL:1040445,MY CASTLE REAL ESTATE LLC,BOCA RATON,33496,,My Castle Real Estate,Boca Raton,33431,name,100.0,(561) 212-6022,
FL:1031846,AEROSPACE REAL ESTATE INC,COCOA BEACH,32931,,Re/max Aerospace Realty,Cocoa Beach,32931,name,100.0,(321) 631-5511,
FL:1035655,PREMIER PLUS REALTY GROUP CORP,NAPLES,34116,,A Plus Realty,Naples,34116,name,100.0,(239) 234-5290,
FL:1040846,REALTY EXCHANGE FL LLC,PALM COAST,32137,,Realty Exchange LLC,Palm Coast,32164,name,100.0,(386) 446-7717,(386) 446-0017
FL:1059935,KYLER LLC,SATELLITE BEACH,32937,,HomeSmart Coastal Realty,Satellite Beach,32937,name,100.0,(321) 348-9528,
FL:1033199,GUARDIAN REAL ESTATE CO,DAVIE,33330,,Guardian Real Estate Co.,Davie,33330,name,100.0,(954) 559-5883,(954) 559-5883
FL:1038709,FIRST CLASS REAL ESTATE LLC,NORTH MIAMI,33161,,First Class Real Estate,North Miami,33161,name,100.0,(305) 433-5686,
FL:1043041,REALTY STANDARD INC,BOCA RATON,33432,,Realty Standard Inc.,Boca Raton,33432,name,100.0,(561) 609-1913,
FL:111750,CENTURY 21 COMMANDER REALTY INC,PANAMA CITY,32405,,CENTURY 21 Commander Realty,Panama City,32405,name,100.0,(850) 769-8326,(850) 769-5115;(850) 769-5775;(850) 769-8326
FL:1050324,REALSPERITY INC,CORAL SPRINGS,33067,,Realsperity Real Estate,Coral Springs,33067,name,100.0,(954) 644-1052,(954) 644-1052
FL:1019161,LUMER CORPORATION,SUNNY ISLES BEACH,33160,,Lumer Real Estate,Sunny Isles Beach,33160,name,100.0,(305) 948-9480,(305) 948-9480;(786) 546-0700
FL:1044036,HBWB REALTY LLC,RIVERVIEW,33578,,Homes by WestBay,Riverview,33579,name,100.0,(813) 438-3838,(813) 438-3838
FL:1051837,ALIGN RIGHT REALTY LLC,NEW PORT RICHEY,34652,,Align Right Realty International,New Port Richey,34652,address,100,(727) 264-6800,
FL:1056375,INNOVA REAL ESTATE CORPORATION,CAPE CORAL,33904,,Innova Real Estate Corporation,Cape Coral,33904,name,100.0,(239) 573-4647,
FL:1029019,QUICKSILVER REAL ESTATE GROUP INC,TAMPA,33647,,Quicksilver Real Estate Group,Tampa,33602,name,100.0,(813) 288-0300,
FL:1052133,RESOURCE ONE HOMES LLC,ORLANDO,32828,,Resource One Realty,Orlando,32807,name,100.0,(407) 970-3879,
FL:1041556,MUTTER HOLDINGS INC,TITUSVILLE,32796,,Mutter Realty,Titusville,32796,name,100.0,(321) 269-9855,(321) 269-9855
FL:1056833,ATLANTIC COAST TEAM LLC,PALM CITY,34990,,Century 21 Move with Us,Palm City,34990,name,100.0,(772) 320-9678,(772) 320-9678
FL:1017382,REALTY WORLD CURRI PROPERTIES INC,SATELLITE BEACH,32937,,Realty World Curri Properties,Satellite Beach,32937,name,100.0,(321) 878-7255,
FL:1045855,DORAL REAL ESTATE CENTER LLC,DORAL,33166,,Doral Real Estate Center,Doral,33166,name,100.0,(786) 616-8351,(786) 616-8368
FL:1070306,"LAWHUN ENTERPRISES IV, LLC",ORLANDO,32817,,Florida Realty Investments,Orlando,32819,name,92.6829268292683,(407) 630-1638,(407) 630-1638
FL:1023448,GENESIS REALTY SERVICES INC,MIAMI LAKES,33016,,Genesis Realty Services Inc,Miami Lakes,33016,name,100.0,(305) 823-6124,
FL:1038170,NAVY TO NAVY HOMES LLC,JACKSONVILLE,32216,,Navy To Navy Homes,Jacksonville,32216,name,100.0,(904) 900-4766,(850) 462-3688;(904) 900-4766
FL:1054280,MIAMI BEACH REAL ESTATE GROUP LLC,MIAMI BEACH,33141,,Miami Beach Brokers,Miami Beach,33139,name,100.0,(305) 985-6285,
FL:1059240,SPACE COAST PARTNERS LLC,COCOA BEACH,32931,,Keller Williams Space Coast,Cocoa Beach,32931,name,100.0,(321) 450-5600,
FL:1055643,SOFLO HOME REALTY CORP,DELRAY BEACH,33444,,Century 21 Luxe Homes,Delray Beach,33483,name,100.0,(561) 465-4509,(203) 928-9398;(305) 338-8196;(347) 466-3660;(561) 317-3637;(561) 344-3519;(561) 449-3757;(561) 465-4509;(561) 490-0652;(561) 503-0929;(561) 506-7792;(561) 521-3653;(561) 668-4710;(561) 703-2895;(561) 706-8353;(561) 758-8904;(561) 808-6312;(561) 876-9160;(561) 888-5829;(561) 997-4307;(617) 981-1320;(646) 361-3980;(813) 909-5299;(856) 745-2474;(859) 382-3639;(917) 207-1131;(954) 270-8131;(954) 773-4656;(954) 774-1818;(954) 822-1620;(954) 873-0659
FL:1023677,NATIONWIDE REALTY LLC,REUNION,34747,,Easy Realty,Reunion,34747,name,100.0,(321) 895-4636,
FL:1062114,FLORIDA REALTY UNLIMITED LLC,BRANDON,33511,,Florida Realty,Brandon,33511,name,100.0,(813) 681-1133,
FL:1029735,G & E REALTY GROUP INC,DAVIE,33328,,G & E Realty Group,Cooper City,33328,name,100.0,(954) 522-0609,(954) 258-4087
FL:1043505,BELHOUSE REAL ESTATE,MIAMI,33130,,Belhouse Real Estate,Miami,33130,name,100.0,(305) 921-9789,(305) 921-9789
FL:1038458,FONTANA REALTY INC,OCALA,34480,,Fontana Realty,Ocala,34476,name,100.0,(352) 817-3574,(352) 817-3574
FL:1066897,EQUESTRIAN SOTHEBY'S INTERNATIONAL REALTY LLC,WELLINGTON,33414,,Equestrian Sotheby's International Realty,Wellington,33414,name,100.0,(561) 771-2626,
FL:1021890,FLORIDA BEST REALTY INC,NORTH MIAMI BEACH,33160,,Florida Best Realty Inc.,North Miami Beach,33160,name,100.0,(305) 792-0800,
FL:1052207,ISLAND LIVING REALTY LLC,MIAMI LAKES,33014,,Island Living Realty,Miami Lakes,33014,name,100.0,(305) 303-7533,
FL:111759,ELLISON REALTY INC,OCALA,34470,,Coldwell Banker Ellison Realty Inc,Ocala,34470,name,100.0,(352) 732-8350,(352) 732-8350
FL:1030759,TRADEMARK REALTY GROUP LLC,PALM COAST,32137,,Trademark Realty Group,Palm Coast,32137,name,100.0,(386) 270-4009,
FL:1066802,NAIM REAL ESTATE LLC,CELEBRATION,34747,,Naim Real Estate Group,Celebration,34747,name,100.0,(407) 222-4015,(407) 222-4015;(818) 268-9917
FL:1074388,NORKIS & CO.,ORLANDO,32822,,Norkis & Co Realty,Orlando,32822,name,100.0,(407) 707-5060,(407) 707-5070
FL:1032352,FRANKLIN STREET REAL ESTATE SERVICES LLC,TAMPA,33607,,Franklin Street,Tampa,33607,name,100.0,(813) 839-7300,
FL:277,HOLIDAY BUILDERS INC,,,,Holiday Builders,Melbourne,32935,name_statewide_unique,100,(321) 610-5180,(321) 610-5180;(407) 745-3698
FL:1061737,VALSTAR REALTY LLC,WINTER GARDEN,34787,,Valstar Realty,Winter Garden,34787,name,100.0,(407) 270-5000,(407) 270-5000;(407) 925-1567
FL:1066740,PIPAL & PORT INC.,LAKE PLACID,33852,,The Pipal Group,Lake Placid,33852,name,100.0,(863) 659-1451,(863) 201-7237;(863) 304-3544;(863) 458-6354;(863) 659-1451
FL:1045536,HORSE COUNTRY REALTY INC,OCALA,34474,,Showcase Properties Of Central Florida,Ocala,34474,name,100.0,(352) 351-4718,
FL:1036523,EZ CHOICE INC,BRANDON,33511,,EZ Choice Realty,Brandon,33511,name,100.0,(813) 653-9676,(813) 653-9676
FL:1054347,IHEART REALTY INC,PALATKA,32177,,"Iheart Realty, Inc.",Palatka,32177,name,100.0,(386) 546-8571,(352) 318-7856;(386) 265-8466;(386) 385-2902;(386) 530-1027;(386) 530-9234;(386) 546-8571;(386) 559-8880;(386) 972-0335;(386) 972-4699;(386) 972-9893;(614) 326-1686;(813) 538-3037;(904) 315-2850;(904) 347-3035;(904) 439-9916;(904) 570-5553;(904) 703-2394;(904) 837-7871;(937) 605-6034;(985) 502-5570
FL:1054736,BRANCA REALTY PROFESSIONAL LLC,FORT PIERCE,34950,,Branca Realty Professionals,Fort Pierce,34950,name,97.43589743589743,(772) 882-9583,
FL:1050144,MILES GOLDSTEIN REAL ESTATE LLC,AVENTURA,33180,,Miles Goldstein Real Estate,Aventura,33180,name,100.0,(305) 336-6959,(305) 222-4444;(305) 336-6959
FL:1020307,HILL SPOONER & ELLIOTT INC,TALLAHASSEE,32312,,Hill Spooner & Elliott,Tallahassee,32312,name,100.0,(850) 907-2051,
FL:1055753,MAINFRAME REAL ESTATE LLC,ORLANDO,32801,,Mainframe Real Estate,Orlando,32801,name,100.0,(407) 513-4257,(407) 513-4257
FL:1057647,RCLT CITRUS LLC,CLERMONT,34711,,Keller Williams Elite Partners III Realty,Clermont,34711,name,98.50746268656717,(321) 527-5111,
FL:1022623,PREMIER ELITE REALTY INC,MIAMI,33131,,Premier Elite Realty,Miami,33156,name,100.0,(305) 279-8814,
FL:1066104,ANABASIS REALTY LLC,JACKSONVILLE,32216,,"Anabasis Realty, Llc",Jacksonville,32202,name,100.0,(904) 351-0765,(904) 351-0765
FL:1049955,SUTTER & NUGENT REALTY INC,PALM BEACH GARDENS,33410,,Sutter & Nugent Llc,Palm Beach Gardens,33410,name,100.0,(561) 249-7266,(561) 203-7370;(561) 249-2928;(561) 249-7266;(561) 318-7570;(561) 757-5453
FL:1032453,BLUEWATER REALTY HOLDINGS INC,CRAWFORDVILLE,32327,,BlueWater Realty Group,Crawfordville,32327,name,100.0,(850) 926-8777,(850) 926-8777
FL:1053504,MODERN WORLD REALTY LLC,MIAMI,33186,,Modern World Realty,Miami,33186,name,100.0,(305) 988-9640,(786) 309-6197
FL:1059870,MJ INSPIRED ENTERPRISES PLLC,MIDDLEBURG,32068,,Exit Inspired Real Estate,Middleburg,32068,name,100.0,(904) 595-3948,(727) 463-7954;(904) 252-4083;(904) 386-5542;(904) 413-4501;(904) 424-5156;(904) 589-4159;(904) 595-3948;(904) 735-2000;(904) 805-3969;(904) 838-8015;(904) 860-2522;(904) 875-9247;(904) 945-4142
FL:1035581,ONE WORLD PROPERTIES GROUP LLC,FORT LAUDERDALE,33304,,Oneworld Properties,Fort Lauderdale,33304,name,94.11764705882352,(954) 514-7492,
FL:1046981,HORIZON HOMES REALTY CORP,MIAMI LAKES,33014,,"Horizon Homes Realty, Corp",Miami Lakes,33014,name,100.0,(305) 720-9131,
FL:1014983,BIG BEND REALTY JACKSONVILLE INC,JACKSONVILLE,32223,,Keller Williams Jacksonville Realty,Jacksonville,32223,name,100.0,(904) 254-6056,
FL:1048518,J G AND L REAL ESTATE SERVICES LLC,CORAL GABLES,33134,,Luft Realty,Coral Gables,33134,name,100.0,(305) 529-6245,(305) 529-6245;(305) 675-3197
FL:1057510,FLUID REALTY LLC,JACKSONVILLE BEACH,32250,,Fluid Realty,Jacksonville Beach,32250,name,100.0,(904) 270-9898,(904) 270-9898
FL:170985,NEUBAUER REAL ESTATE INC,PANAMA CITY,32404,,Era Neubauer Real Estate,Panama City,32404,name,100.0,(850) 785-1551,(850) 785-1551
FL:1015472,PALERMO REAL ESTATE PROFESSIONALS INC,TAMPA,33609,,Palermo Real Estate Professionals,Tampa,33609,name,100.0,(813) 637-0117,(813) 637-0117
FL:1057065,WILKINS WAY LLC,ORLANDO,32828,,The Wilkins Way,Orlando,32828,name,100.0,(407) 874-0230,
FL:1057021,GARCIA REAL ESTATE GROUP INC,FT. LAUDERDALE,33308,,Engel and Volkers Fort Lauderdale,Fort Lauderdale,33308,name,95.08196721311475,(754) 206-3900,
FL:1052100,COASTAL LUXURY PROPERTIES LLC,DELRAY BEACH,33483,,Engel & Volkers Delray Beach,Delray Beach,33483,name,94.54545454545455,(561) 362-2888,
FL:1038658,MARCUS & COMPANY REALTY LLC,BRADENTON,34205,,Marcus & Company Realty,Bradenton,34205,name,100.0,(941) 932-8550,
FL:1037532,"HARPER REALTY FL, LLC",LAKELAND,33803,,Harper Realty FL,Lakeland,33803,name,100.0,(863) 687-8020,(863) 581-6661;(863) 687-8020
FL:1061812,ONE WAY REALTY GROUP LLC,AVENTURA,33180,,"One Way Realty Group, LLC",Aventura,33180,name,100.0,(305) 497-4077,
FL:1070202,"ARMADA REAL ESTATE, INC",FORT MYERS,33901,,Armada Real Estate,Fort Myers,33901,name,100.0,(239) 788-2738,(239) 785-1312
FL:1046154,MEDWAY REALTY INC,SARASOTA,34238,,Medway Realty,Sarasota,34238,name,100.0,(941) 375-2456,
FL:1059248,BROKERNATION REAL ESTATE DORAL LLC,DORAL,33172,,BrokerNation Doral,Doral,33172,name,100.0,(305) 508-9893,(305) 508-9893;(305) 602-4410;(306) 602-4410
FL:1035602,FLORIDAS BEST REALTY SERVICES LLC,BOCA RATON,33487,,Florida's Best Realty,Boca Raton,33487,name,100.0,(561) 208-1382,(561) 208-1382
FL:1060983,LOCAL LIVING REALTY GROUP LLC,NEW SMYRNA BEACH,32168,,Local Living Realty Group,New Smyrna Beach,32168,name,100.0,(386) 202-6115,(352) 672-0980;(386) 262-3685;(386) 280-7404;(386) 314-5458;(407) 272-7362
FL:1044917,ADOOR REAL ESTATE LLC,PENSACOLA,32504,,aDoor Properties,Pensacola,32502,name,100.0,(850) 637-1880,(850) 637-1880
FL:1013881,LESLIE WELLS REALTY INC,ELLENTON,34222,,Leslie Wells Realty,Ellenton,34222,name,100.0,(941) 776-5571,(941) 776-5571
FL:1056678,LOCAL REAL ESTATE LLC,BONITA SPRINGS,34134,,Local Real Estate,Bonita Springs,34134,name,100.0,(239) 221-8665,
FL:1061450,PROPERTY GROUP 850 INC,CRESTVIEW,32536,,The Property Group 850 Inc.,Crestview,32536,name,100.0,(850) 682-9121,(850) 362-6066;(850) 682-9121
FL:1001282,ERA ADVANTAGE REALTY INC,PORT CHARLOTTE,33953,,Era Advantage Realty,Port Charlotte,33953,name,100.0,(941) 255-5300,
FL:1065823,NEFL RE VENTURE LLC,SAINT AUGUSTINE,32095,,Realty One Group Elevate,St Augustine,32095,name,100.0,(904) 439-9842,
FL:1056725,SARASOTA PROPERTY GROUP LLC,SARASOTA,34232,,Sarasota Property Associates,Sarasota,34243,name,100.0,(941) 539-4900,(941) 500-9113
FL:1064896,"GULF LIFE REAL ESTATE, INC.",PANAMA CITY BEACH,32413,,Gulf Life Real Estate,Panama City Beach,32413,name,100.0,(850) 366-8525,
FL:1028061,4 POINT REALTY LLC,JACKSONVILLE,32224,,EXIT 1 Stop Realty,Jacksonville,32224,name,100.0,(904) 733-3003,(904) 310-9257;(904) 733-3003;(904) 759-6837
FL:1033097,LEWIS STEWART ENTERPRISES INC,TAMPA,33606,,Exit Bayshore Realty,Tampa,33611,name,100.0,(813) 900-0907,(813) 361-5230;(813) 839-2324
FL:1059206,LA ROSA REALTY PREMIER LLC,ORLANDO,32828,,La Rosa Realty Premier,Orlando,32828,name,100.0,(407) 401-9076,
FL:1046627,ROSA LEON REALTY LLC,TAMPA,33634,,Century 21 Rosa Leon,Tampa,33634,name,100.0,(813) 957-3775,
FL:1010591,FIRST WAY REALTY SERVICES INC,MIAMI,33176,,First Way Realty,Miami,33131,name,100.0,(786) 715-1322,
FL:1039387,WC REALTY GROUP INC,WELLINGTON,33414,,Century 21 WC Realty,Wellington,33414,name,100.0,(561) 283-8833,(561) 283-8833
FL:1043911,30A LOCAL PROPERTIES INC,SANTA ROSA BEACH,32459,,30A Local Real Estate,Santa Rosa Beach,32459,name,100.0,(850) 213-3048,
FL:1033804,DOMINIUM REALTY GROUP LLC,ORLANDO,32819,,Kardosh Realty,Orlando,32819,name,100.0,(407) 499-4466,
FL:1047499,CHRIS CREEGAN LLC,MAITLAND,32751,,Creegan Group,Casselberry,32751,name,100.0,(407) 622-1111,(407) 622-1111
FL:1034134,MIAMI LIFE REALTY LLC,HOLLYWOOD,33020,,Miami Life Realty,Hollywood,33020,name,100.0,(786) 464-8804,(786) 306-7308
FL:1029972,HOWARD CHASE REAL ESTATE LLC,MIAMI BEACH,33139,,Howard Chase Real Estate,Miami Beach,33139,name,100.0,(305) 532-7470,(305) 222-4444;(305) 532-7470
FL:1059144,BEEHOUSE REALTY LLC,MIAMI,33186,,Beehouse Realty,Miami,33186,name,100.0,(305) 909-0935,(305) 909-0935;(305) 984-3993
FL:1042944,HOME-C INTERNATIONAL REALTY LLC,MIAMI,33172,,Home-C International Realty,Miami,33172,name,100.0,(786) 953-8060,(202) 450-8107;(786) 306-4842
FL:1048915,FLORIDA REALTY MARKETPLACE LLC,DAVENPORT,33837,,Florida Realty Marketplace,Davenport,33837,name,100.0,(863) 877-1915,(863) 877-1915
FL:1040884,FIRST PRO INTERNATIONAL REALTY CO,HOLLYWOOD,33020,,First Pro International Realty,Hollywood,33020,name,100.0,(954) 391-8915,(954) 479-8968
FL:1028841,MCBRIDE KELLY & ASSOCIATES LLC,TAMPA,33606,,Mcbride Kelly & Associates,Tampa,33606,name,100.0,(813) 417-7486,(813) 220-1744;(813) 254-0900
FL:1053563,NATIVE REALTY CO,FORT LAUDERDALE,33304,,NATIVE REALTY CO.,Fort Lauderdale,33304,name,100.0,(954) 595-2999,
FL:1072095,PINK MIAMI REAL ESTATE LLC,HOLLYWOOD,33021,,Pink Miami,Hollywood,33021,name,100.0,(305) 605-7465,(305) 605-7465
FL:1068524,MAJESTIC PROPERTIES LLC,MIAMI,33127,,Majestic Properties,Miami,33137,name,100.0,(305) 677-5000,
FL:1058640,LA ROSA REALTY NORTH FLORIDA LLC,JACKSONVILLE,32256,,La Rosa Realty North Florida,Jacksonville,32256,name,100.0,(904) 969-9699,
FL:1064494,CRYSTAL CARDENAS PA,FORT PIERCE,34950,,Southern Key Realty,Fort Pierce,34950,name,100.0,(772) 212-2666,
FL:1058057,PROPERTY OUTLET LLC,ORLANDO,32837,,Property Outlet Llc.,Orlando,32837,name,100.0,(407) 723-7000,(407) 723-7000
FL:1065448,SUNSHINE REALTY FL INC,MATLACHA,33993,,RE/MAX Sunshine,Cape Coral,33993,name,100.0,(239) 790-1177,
FL:1033562,HATCHER REALTY SERVICES INC,CROSS CITY,32628,,Hatcher Realty Services,Cross City,32628,name,100.0,(352) 498-0575,
FL:1074220,LANTES REAL ESTATE LLC,TAMPA,33602,,Lantes Realty Group,Tampa,33614,name,100.0,(813) 408-0980,(813) 408-0980
FL:1040879,FLORIDA BROKERS REAL ESTATE LLC,HOLLYWOOD,33021,,"Florida Properties Group, Inc",Hollywood,33024,name,100.0,(954) 983-6600,
FL:1055331,ACE FLORIDA REALTY LLC,MIAMI,33186,,Ace Florida Realty,Miami,33186,name,100.0,(786) 999-8359,(786) 267-2471
FL:1052845,BLUE REALTY TEAM LLC,CORAL SPRINGS,33065,,Blue Realty Team,Coral Springs,33067,name,100.0,(954) 626-8996,(954) 871-1687
FL:1053598,KAZA REAL ESTATE LLC,ORLANDO,32819,,Kaza Real Estate,Orlando,32819,name,100.0,(407) 723-8230,(321) 440-4310
FL:1062684,STATEWIDE REALTY GROUP LLC,GREENACRES,33413,,Statewide Realty Group Llc,Greenacres,33413,name,100.0,(561) 717-7095,(561) 307-4031;(561) 717-7095
FL:1039701,OPTIMA ONE REALTY INC,CLERMONT,34712,,Optima One Realty,Clermont,34711,name,100.0,(352) 243-6784,
FL:1073563,27N REALTY LLC,APOLLO BEACH,33572,,27North Realty,Apollo Beach,33572,name,100.0,(813) 645-4663,
FL:1066301,AVENEW SERVICES CORP,MIAMI,33166,,Avenew Realty Corp,Doral,33166,name,100.0,(786) 888-0198,(786) 888-0198
FL:1051939,BRICKSS LLC,WESTON,33326,,Brickss Real Estate Company,Weston,33326,name,100.0,(786) 409-9958,
FL:1054815,COASTAL LIFE PROPERTIES LLC,MERRITT ISLAND,32953,,Coastal Life Properties,Merritt Island,32953,name,100.0,(321) 633-2313,
FL:1069393,AROD EQUITY CAPITAL CORP,ORLANDO,32837,,AROD Partners Realty,Orlando,32837,name,100.0,(689) 242-5418,(689) 242-5418
FL:1069411,A G REAL ESTATE TEAM LLC,MIAMI LAKES,33016,,Miami Luxury Properties,Miami Lakes,33016,name,100.0,(305) 395-5757,(305) 395-5757
FL:1073473,SOURCE COMMERCIAL REALTY LLC,MIAMI,33155,,Resource Real Estate Group,Miami,33172,name,94.11764705882352,(305) 717-3535,(305) 717-3535
FL:1045501,SOMERDAY GROUP PL,TAMPA,33602,,Matt Generose-The Somerday Group,Tampa,33602,address,84,(727) 479-9042,(813) 400-0132
FL:1051487,LOMBARDO TEAM REAL ESTATE LLC,TAMPA,33602,,Lombardo Team Real Estate,Tampa,33602,name,100.0,(813) 321-0437,
FL:1049927,COWFORD REALTY & DESIGN LLC,JACKSONVILLE,32205,,Cowford Realty & Design,Jacksonville,32204,name,100.0,(904) 330-4733,
FL:1039139,MIAMI REALTY DREAMS INC,MIAMI,33186,,Miami Realty Dreams,Miami,33185,name,100.0,(786) 536-5060,(786) 287-9782
FL:1064302,BLACK SWAN HOME GROUP LLC,DORAL,33166,,Black Swan Home Group,Doral,33166,name,100.0,(786) 966-1515,(786) 344-9141
FL:1047134,EPIC CHOICE REALTY CORP,MIAMI,33174,,Epic Choice Realty,Miami,33185,name,100.0,(305) 303-5946,(305) 560-5056;(786) 402-4821
FL:1061804,HEARTLAND REALTY GROUP LLC,WEST PALM BEACH,33401,,Heartland Realty Group,West Palm Beach,33406,name,100.0,(561) 324-4232,(561) 324-4232
FL:1060891,MARZUCCO REFERRAL GROUP LLC,NAPLES,34102,,Marzucco Real Estate Llc,Naples,34105,name,100.0,(239) 234-5134,
FL:1050563,PREMIER REALTY OF TAMPA,TAMPA,33624,,Premier Realty Of Tampa,Tampa,33624,name,100.0,(813) 265-3100,
FL:1048166,NOVA REAL ESTATE SERVICES INC,ORLANDO,32819,,Nova Real Estate Services Inc.,Orlando,32819,name,100.0,(407) 270-9501,(407) 270-9501
FL:1052710,TRUST INVEST REAL ESTATE CORP,AVENTURA,33160,,Trust Invest Real Estate,Aventura,33160,name,100.0,(305) 215-0036,(305) 215-0036
FL:1072581,VITA LUXURY REALTY LLC,TAMPA,33624,,Vita Luxury Realty,Tampa,33604,name,100.0,(813) 412-9468,
FL:1064248,CASTELLANOS RECIO LLC,TAMPA,33624,,Align Right Realty Carrollwood,Tampa,33624,name,100.0,(813) 374-6050,
FL:1044116,FLORIDA CONNEXION PROPERTIES INC,ORLANDO,32819,,Florida Connexion Properties Inc,Orlando,32819,name,100.0,(407) 574-2636,(407) 574-2636
FL:1054963,SUPERIOR REALTY GROUP LLC,TALLAHASSEE,32308,,Superior Realty Group,Tallahassee,32308,name,100.0,(850) 322-1649,(305) 931-7878;(305) 984-9904;(850) 254-9918
FL:1065330,TOP TIER INTERNATIONAL REALTY LLC,HIALEAH,33015,,Top Tier International Realty,Hialeah,33015,name,100.0,(786) 202-3720,
FL:1055759,BEACHFRONT PROPERTIES REAL ESTATE LLC,DELRAY BEACH,33483,,Beachfront Properties,Delray Beach,33483,name,100.0,(561) 450-9622,
FL:1069770,VESTI LLC,ORLANDO,32837,,Vesti,Orlando,32837,name,100.0,(689) 325-0816,
FL:1059803,KUHN REALTY LLC,PENSACOLA,32503,,Kuhn Realty,Pensacola,32503,name,100.0,(850) 266-7557,
FL:1057859,OPPENHEIM REALTY LLC,FORT LAUDERDALE,33308,,Oppenheim Realty,Fort Lauderdale,33301,name,100.0,(786) 862-5868,
FL:1069234,AURA HOMES LLC,MIAMI,33126,,Aura Homes ,Miami,33126,name,100.0,(786) 479-9937,
FL:1028915,LIVE TAMPA BAY REALTY INC,LAKELAND,33810,,Live Florida Realty,Lakeland,33810,name,100.0,(863) 868-8905,(863) 868-8905
FL:1051346,VERA REALTY LLC,HOLLYWOOD,33020,,Vera Realty,Hollywood,33019,name,100.0,(305) 833-3303,
FL:1069326,TRUSTPOINT REALTY LLC,MIAMI LAKES,33014,,Trustpoint Realty,Miami Lakes,33014,name,100.0,(305) 200-0348,(305) 200-0348
FL:1061708,ANGIE HOMES REALTY INC,MIAMI,33172,,Angie Homes Realty,Sweetwater,33172,name,100.0,(305) 926-6137,
FL:1072669,"SUNSERIA REAL ESTATE GROUP, LLC",ORLANDO,32821,,Century 21 Edge,Orlando,32821,name,100.0,(407) 334-3804,
FL:1071784,FENIX HOME REALTY LLC,TAMPA,33614,,Fenix Home Realty,Tampa,33607,name,100.0,(813) 284-6216,
CA:01999191,LAGUNA PREMIER REALTY INC.,LAGUNA WOODS,92637,,Laguna Premier Realty,Laguna Woods,92637,name,100.0,(949) 900-6930,
CA:00020875,PEARSON REALTY,FRESNO,93711,,Pearson Realty,Fresno,93711,name,100.0,(559) 432-6200,
CA:01943113,THE BAISERI PROPERTY COMPANY,GLENDORA,91741,,The Baiseri Property Company,Glendora,91741,name,100.0,(626) 609-2130,
CA:00531022,KEEGAN & COPPIN COMPANY INC,SANTA ROSA,95401,,Keegan & Coppin Co.,Santa Rosa,95401,name,100.0,(707) 528-1400,(415) 461-1010;(707) 252-1400;(707) 528-1400;(707) 664-1400
CA:01914434,"BUCKINGHAM INVESTMENTS, INC.",TORRANCE,90501,,Buckingham Investments,Torrance,90501,name,100.0,(310) 982-7055,(310) 982-7055
CA:00617694,NORTH HILLS REALTY CORP,TUSTIN,92780,,North Hills Realty,Tustin,92780,name,100.0,(714) 731-5900,
CA:01968431,STRAND HILL PROPERTIES,MANHATTAN BEACH,90266,,Strand Hill ,Manhattan Beach,90266,name,100.0,(310) 545-0707,(310) 545-0707;(310) 545-0771
CA:01987747,AVEDIAN PROPERTIES COMPANY,VISALIA,93291,,Avedian Properties,Visalia,93291,name,100.0,(559) 739-1200,(559) 592-5192;(559) 739-1200
CA:01220332,24 HOUR REAL ESTATE,DOWNEY,90240,,24 Hour Real Estate,Downey,90240,name,100.0,(562) 861-7257,
CA:01524252,CORE REAL ESTATE GROUP,BEVERLY HILLS,90210,,CORE Real Estate Group,Beverly Hills,90210,name,100.0,(310) 203-8300,(310) 203-8300
CA:02024471,"SWELL PROPERTY, INC.",ENCINITAS,92024,,Swell Property,Encinitas,92024,name,100.0,(760) 452-2345,(760) 452-2345
CA:01279936,ROSSMOOR PROPERTIES INC,WALNUT CREEK,94595,,Rossmoor Realty,Walnut Creek,94595,name,100.0,(925) 932-1162,
CA:01135567,PRESIDENTIAL INCORPORATED,IRVINE,92618,,Presidential Real Estate,Irvine,92604,name,100.0,(949) 654-2626,
CA:00532032,TRI COMMERCIAL REAL ESTATE SERVICES,WALNUT CREEK,94596,,Celine Mui Simon - TRI Commercial,Walnut Creek,94596,address,100,(925) 296-3305,
CA:02066937,"OMARSHALL, INC",SAN BRUNO,94066,,"Omarshall, Inc.",San Bruno,94066,name,100.0,(650) 873-6844,(650) 873-6844
CA:02198003,"CHAMPION REAL ESTATE, INC.",ORCUTT,93455,,Champion Real Estate,Santa Maria,93455,name,100.0,(805) 349-7777,
CA:02148880,ARAMIS REALTY GROUP INC.,ANAHEIM,92807,,Aramis Realty Group,Anaheim,92807,name,100.0,(714) 941-6031,
CA:01301392,VILLAGE ASSOCIATES REAL ESTATE,ORINDA,94563,,Village Associates Real Estate,Orinda,94563,name,100.0,(925) 254-0505,(925) 254-0505
CA:01884317,PENINSULA REALTY INC,TORRANCE,90505,,Peninsula Realty Inc,Torrance,90505,name,100.0,(310) 938-4989,(310) 938-4989
CA:01906189,VASTREE REAL ESTATE INC.,MONROVIA,91016,,Vastree Real Estate,Monrovia,91016,name,100.0,(626) 294-9900,
CA:01477389,MELSON REALTY INC,PORTERVILLE,93257,,Melson Realty,Porterville,93257,name,100.0,(559) 788-2222,
CA:02090838,SONORA REALTY GROUP INC.,SONORA,95370,,Sonora Real Estate,Sonora,95370,name,100.0,(650) 465-3694,
CA:00976995,LEE & ASSOCIATES COMMERCIAL REAL,ONTARIO,91764,,Lee and Associates,Ontario,91764,address,100,(909) 989-7771,
CA:01518537,SHORE CAPITAL CORPORATION,HUNTINGTON BEACH,92646,,Shore Capital,Huntington Beach,92646,name,100.0,(714) 662-2704,(714) 625-8938
CA:01201667,CHARLES DUNN REAL ESTATE SERVICES,LOS ANGELES,90017,,Charles Dunn Company,Los Angeles,90024,name,100.0,(310) 312-1800,(213) 683-0500
CA:01834856,ATLANTIC REALTY,TURLOCK,95382,,Atlantic Realty,Turlock,95382,name,100.0,(209) 668-0501,(209) 668-0501
CA:02038107,SADEK REAL ESTATE,ROSEVILLE,95661,,Sadek Real Estate,Roseville,95661,name,100.0,(916) 768-1222,
CA:01915358,"SIGNATURE REALTY, INC.",TEMECULA,92592,,Signature Realty & Loans,Temecula,92592,address,100,(951) 651-5338,
CA:00452468,COLLIERS TINGEY INTERNATIONAL INC,FRESNO,93711,,Colliers International,Fresno,93711,address,79,(559) 221-1271,
CA:02121641,"MAYA TEAM, INC",CERRITOS,90703,,MaYa Team Inc.,Cerritos,90703,name,100.0,(562) 762-9634,
CA:02040908,"COACHELLA VISTA REALTY, INC.",PALM DESERT,92211,,Coachella Vista Realty,Palm Desert,92211,name,100.0,(760) 349-8080,
CA:01517783,BAY HOME INVESTMENTS AND LOANS,PLEASANTON,94566,,Bay Home Investments and Loans,Pleasanton,94566,name,100.0,(925) 980-8868,
CA:01968355,THE ART IN REAL ESTATE INC,GLENDALE,91202,,The Art In Real Estate,Glendale,91202,name,100.0,(818) 241-3000,(818) 241-3000
CA:01242076,CLASSIC ESTATES CORPORATION,CERRITOS,90703,,Century 21 Classic Estate: Russ Chapman,Cerritos,90703,address,93,(714) 356-2369,
CA:01987353,"BLOOM GROUP, INC.",VISALIA,93291,,Bloom Group Real Estate,Visalia,93277,name,100.0,(559) 500-4162,
CA:01861921,CRESTICO INC,WOODLAND HILLS,91364,,Crestico,Los Angeles,91364,name,100.0,(818) 784-2929,(352) 340-2962;(470) 203-8203;(484) 629-8691;(818) 784-2929;(912) 504-0422;(929) 450-7706
CA:01514150,UNITED BROKERS REAL ESTATE,SAN LEANDRO,94577,,United Brokers Real Estate,San Leandro,94577,name,100.0,(510) 346-7900,
CA:01167079,SAN FERNANDO REALTY INC,SAN FERNANDO,91340,,San Fernando Realty,San Fernando,91340,name,100.0,(818) 365-5671,
CA:01877665,MEDIA WEST REALTY INC,BURBANK,91506,,Media West Realty,Burbank,91505,name,100.0,(818) 845-9700,
CA:02185725,DIAMOND REALTY CORP,DIAMOND BAR,91765,,Diamond Realty,Diamond Bar,91765,name,100.0,(909) 595-3000,
CA:00968975,TAYLOR MORRISON SERVICES INC,FOLSOM,95630,,Taylor Morrison Homes Inc,Folsom,95630,name,100.0,(916) 355-8900,
CA:02216655,SYNERGY REAL ESTATE,WHITTIER,90607,,Synergy Real Estate,Whittier,90603,name,100.0,(562) 696-6515,
CA:02283290,ESTATEX INC.,LOS ANGELES,90025,,Estate Properties,Los Angeles,90045,name,92.3076923076923,(310) 802-6000,(310) 378-9494
CA:01225173,PARK PLACE PARTNERS INC,IRVINE,92618,,"Park Place Partners, Inc.",Irvine,92618,name,100.0,(949) 852-8288,
CA:00966034,PERSON REALTY INC,TORRANCE,90501,,Person Realty,Torrance,90505,name,100.0,(310) 325-8700,
CA:01254853,AMERICAN MARKETING SYSTEMS INC,SAN FRANCISCO,94109,,American Marketing Systems Inc,San Francisco,94109,name,100.0,(415) 447-2000,
CA:01838294,CALIFORNIA OUTDOOR PROPERTIES INC,VACAVILLE,95688,,California Outdoor Properties,Vacaville,95688,name,100.0,(707) 455-4444,(209) 770-3568;(209) 770-7204;(530) 336-6226;(530) 336-6869;(530) 598-5336;(530) 643-1336;(619) 933-5040;(707) 455-0455;(707) 455-4444;(707) 822-5510
CA:01903901,LIBERTY BUSINESS ADVISORS OF SAN,WALNUT CREEK,94596,,Liberty Business Advisors,Walnut Creek,94596,name,92.5925925925926,(415) 781-9304,
CA:02141936,PLATINUM STAR PROPERTIES,PALM SPRINGS,92264,,Platinum Star Properties,Palm Springs,92264,name,100.0,(760) 424-8027,(760) 424-8027
CA:01759672,"RELIANT REALTY, INC.",SACRAMENTO,95825,,Reliant Realty,Sacramento,95825,name,100.0,(916) 529-4111,(916) 529-4111
CA:01378646,SHEA HOMES MARKETING COMPANY,WALNUT,91789,,Shea Homes,Walnut,91789,address,100,(909) 594-9500,
CA:01360308,SOUTHLAND PROPERTIES REAL ESTATE,GLENDORA,91741,,Southland Properties,Glendora,91741,name,100.0,(626) 914-6999,(626) 914-6999
CA:02039333,STANFLES REALTY INC.,LOS ANGELES,90012,,Stanfles Realty,Los Angeles,90012,name,100.0,(323) 640-0774,
CA:01885470,MI & IS INC,TRACY,95376,,Mi & Is Inc.,Tracy,95376,name,100.0,(209) 833-4000,
CA:02105397,THE ADAME GROUP,SANTA ANA,92705,,The Adame Group,Santa Ana,92705,name,100.0,(714) 902-6052,(714) 364-8882
CA:01935507,"HOLMES BURRELL, INC.",SAN RAFAEL,94901,,Holmes Burrell Real Estate,San Rafael,94901,name,100.0,(415) 446-9444,(415) 446-9444
CA:01486058,THE REAL ESTATE STORE INC,WHITTIER,90601,,The Real Estate Store,Whittier,90601,name,100.0,(562) 464-9994,
CA:01774650,ABACUS PROPERTIES INC,SAN DIEGO,92127,,"Abacus Properties, Inc.",San Diego,92127,name,100.0,(858) 674-6648,
CA:01944726,THE COLLECTIVE REALTY. INC.,WEST HOLLYWOOD,90046,,The Collective Realty,West Hollywood,90046,name,100.0,(310) 569-1335,
CA:00873737,CONAM MANAGEMENT CORPORATION,SAN DIEGO,92123,,CONAM Management Corporation,San Diego,92123,name,100.0,(858) 614-7200,
CA:01872387,CAPITOL CITY REAL ESTATE INC,SACRAMENTO,95814,,Capitol City Real Estate,Sacramento,95842,name,100.0,(916) 716-8226,
CA:01902522,SUPREME INVESTMENT CORP.,TEMPLE CITY,91780,,Supreme Investment Corporation,Temple City,91780,name,100.0,(626) 618-7100,
CA:01929550,"MORGAN REAL ESTATE & FINANCIAL, INC.",SAN JOSE,95131,,"Morgan Real Estate & Financial, Inc",San Jose,95131,name,100.0,(408) 320-8080,(408) 218-0378;(408) 320-8080;(408) 320-8081;(408) 416-8736;(408) 416-8739;(408) 728-9787;(408) 859-0713
CA:01451207,BAYONE REAL ESTATE INVESTMENT,SAN JOSE,95110,,Bayone Real Estate Investment Corp.,San Jose,95110,name,100.0,(408) 837-4489,(510) 378-8462
CA:01997520,QUALITY REAL ESTATE CORP.,MONTCLAIR,91763,,Quality Real Estate,Montclair,91763,name,100.0,(909) 282-8144,
CA:01931860,"BAY CAPITAL REAL ESTATE, INC.",SALINAS,93901,,Bay Capital Real Estate,Salinas,93906,name,100.0,(831) 751-6900,(207) 415-7511;(802) 477-2013
CA:01478782,TOWN & COUNTRY HOME AND INVESTMENT,REDDING,96002,,"Town & Country Home And Investment Realty, Inc.",Redding,96002,name,100.0,(530) 222-3800,
CA:01851888,BROADPOINT PROPERTIES INC,ESCONDIDO,92025,,Broadpoint Properties,Escondido,92025,name,100.0,(760) 839-3838,(760) 839-3838
CA:02016296,"GENTILE REAL ESTATE, INC.",FRESNO,93711,,Gentile Real Estate,Fresno,93711,name,100.0,(559) 434-4999,
CA:02102406,"THE NETWORK REALTY GROUP, INC.",TUSTIN,92780,,The Network Agency,Tustin,92780,address,100,(949) 335-5435,
CA:01708253,ROGER V MAGANA,BAKERSFIELD,93309,,Roger V Magana,Bakersfield,93309,name,100.0,(661) 477-3484,(661) 323-7000;(805) 202-8307;(818) 850-9218
CA:02062655,LUXE REALTY GROUP,PLEASANT HILL,94523,,Luxe Realty Group,Pleasant Hill,94523,name,100.0,(925) 421-7227,(925) 421-7227
CA:02204002,PLG ESTATES INC.,BEVERLY HILLS,90212,,Plg Estates,Beverly Hills,90212,name,100.0,(310) 788-0700,(310) 788-0700
CA:01864495,HOME STAR INC,FRESNO,93726,,Home Star,Fresno,93704,name,100.0,(559) 224-7867,
CA:02237202,"ALTATERA, INC.",LA JOLLA,92037,,Alta Tera,San Diego,92037,name,94.11764705882352,(858) 910-2313,
CA:01785096,CAPITAL INVESTMENT REALTY GROUP INC,BEVERLY HILLS,90212,,"Capital Investment Realty Group, Inc",Beverly Hills,90212,name,100.0,(310) 275-3915,
CA:01916999,VALLEYVENTURES REALTY INC.,DUBLIN,94568,,ValleyVentures Realty Inc.,Dublin,94568,name,100.0,(925) 413-0269,(925) 413-0269
CO:DISTINCT REAL ESTATE LLC,DISTINCT REAL ESTATE LLC,WESTMINSTER,80234,,Distinct Real Estate Llc,Westminster,80234,name,100.0,(720) 441-4440,(720) 441-4440
"CO:WESTERN SLOPE RE HOLDINGS, LLC","WESTERN SLOPE RE HOLDINGS, LLC",GRAND JUNCTION,81501,,Realty ONE Group Western Slope,Grand Junction,81501,name,100.0,(970) 628-1001,
CO:ATLAS REAL ESTATE GROUP LLC,ATLAS REAL ESTATE GROUP LLC,DENVER,80204,,Atlas Real Estate,Denver,80204,name,100.0,(303) 242-8980,(208) 900-6455;(214) 393-2404;(303) 242-8980;(480) 757-9200;(702) 302-4046;(801) 304-3219;(816) 631-9924
CO:BITTER CREEK FINANCE LLC,BITTER CREEK FINANCE LLC,LOVELAND,80537,,HomeSmart Realty Group,Loveland,80537,name,100.0,(970) 732-0928,
"CO:ELEVATED REAL ESTATE, LLC","ELEVATED REAL ESTATE, LLC",DENVER,80204,,"Elevate Real Estate Services, Inc.",Denver,80222,name,93.33333333333333,(303) 800-4700,(303) 800-4700;(303) 800-4703
CO:PEAK 8 PROPERTIES LLC,PEAK 8 PROPERTIES LLC,BRECKENRIDGE,80424,,Breckenridge Happy Homes,Breckenridge,80424,address,84,(970) 236-6236,(970) 236-6236
"CO:MODUS REAL ESTATE, LLC","MODUS REAL ESTATE, LLC",DENVER,80211,,Modus Real Estate,Denver,80211,name,100.0,(303) 229-6582,
CO:JONES LANG LASALLE BROKERAGE INC,JONES LANG LASALLE BROKERAGE INC,DENVER,80202,,Jones Lang LaSalle,Denver,80202,name,100.0,(303) 260-6500,
"CO:GRAND JUNCTION REALTY, LLC","GRAND JUNCTION REALTY, LLC",GRAND JUNCTION,81505,,"Grand Junction, CO",Grand Junction,,name,100.0,(970) 201-3578,
CO:ELEVATE REAL ESTATE LLC,ELEVATE REAL ESTATE LLC,MONTROSE,81401,,NextHome Virtual,Montrose,81403,name,100.0,(970) 258-9300,
CO:IMG28 INC.,IMG28 INC.,DENVER,80237,,Remax InMotion,Denver,80204,name,100.0,(720) 330-4004,
"CO:KENTWOOD REAL ESTATE SERVICES, LLC","KENTWOOD REAL ESTATE SERVICES, LLC",DENVER,80237,,Kentwood Real Estate,Denver,80237,name,100.0,(303) 773-3399,
"CO:RE/MAX OF PUEBLO, INC","RE/MAX OF PUEBLO, INC",PUEBLO,81008,,"RE/MAX of Pueblo, Inc.",Pueblo,81008,name,100.0,(719) 546-1717,
CO:JOH STEAMBOAT LLC,JOH STEAMBOAT LLC,STEAMBOAT SPRINGS,80487,,Steamboat Sotheby's International Realty,Steamboat Springs,80487,name,100.0,(970) 879-8100,
"CO:WORTH CLARK, INC.","WORTH CLARK, INC.",DENVER,80206,,Worth Clark Realty,Denver,80246,name,100.0,(720) 358-2323,
CO:HAYDEN OUTDOORS LLC,HAYDEN OUTDOORS LLC,WINDSOR,80550,,Hayden Outdoors Real Estate,Windsor,80550,name,100.0,(970) 674-1990,(970) 674-1990
CO:TELLURIDE PROPERTIES LLC,TELLURIDE PROPERTIES LLC,TELLURIDE,81435,,Telluride Properties,Telluride,81435,name,100.0,(970) 728-0808,(970) 728-0808
CO:KEY TEAM REAL ESTATE CORP,KEY TEAM REAL ESTATE CORP,BRIGHTON,80601,,The Key Team Real Estate,Brighton,80601,name,100.0,(720) 263-6079,
"CO:WESTGATE COLORADO REALTY, INC","WESTGATE COLORADO REALTY, INC",BOULDER,80302,,Live West Realty,Boulder,80302,name,100.0,(303) 800-9601,(303) 800-9601
CO:DOUGLAS COUNTY PARTNERS LLC,DOUGLAS COUNTY PARTNERS LLC,CASTLE ROCK,80104,,"Keller Williams Action Realty, LLC",Castle Rock,80104,name,100.0,(303) 688-8300,
CO:BRAY AND COMPANY,BRAY AND COMPANY,GRAND JUNCTION,81501,,Bray Real Estate,Grand Junction,81501,name,100.0,(970) 242-3647,(970) 242-3647
"CO:THE WELLS GROUP OF DURANGO, LLC","THE WELLS GROUP OF DURANGO, LLC",DURANGO,81301,,The Wells Group,Durango,81301,name,100.0,(970) 259-6680,(808) 927-9812;(970) 259-6680
CO:SEARS INVESTMENT CORP,SEARS INVESTMENT CORP,GREELEY,80634,,Sears Real Estate,Greeley,80634,name,100.0,(970) 330-7700,(970) 330-7700
"CO:UNITED INVESTEXUSA 13, LLC","UNITED INVESTEXUSA 13, LLC",DENVER,80222,,New Western,Denver,80222,name,100.0,(720) 513-3660,(201) 901-1033
CO:MCKK LIMITED,MCKK LIMITED,COLORADO SPRINGS,80919,,Era Shields Real Estate,Colorado Springs,80906,name,100.0,(719) 576-3600,(719) 593-1000
CO:MODERN REAL ESTATE CO LLC,MODERN REAL ESTATE CO LLC,ARVADA,80002,,JPAR Modern Real Estate,Arvada,80004,name,100.0,(303) 594-3888,
"CO:CHERRY CREEK METRO REALTY, INC","CHERRY CREEK METRO REALTY, INC",DENVER,80206,,Metro Brokers Cherry Creek,Denver,80206,name,100.0,(303) 399-2566,
CO:DENVER GOLD LLC,DENVER GOLD LLC,AURORA,80014,,Keller Williams Trilogy,Aurora,80014,name,100.0,(303) 345-3000,
"CO:COLORADO SPRINGS REAL ESTATE GROUP, LLC","COLORADO SPRINGS REAL ESTATE GROUP, LLC",COLORADO SPRINGS,80905,,Keller Williams Premier Realty,Colorado Springs,80905,name,100.0,(719) 445-0234,
CO:IRE INC,IRE INC,DENVER,80209,,Engel & Volkers Denver,Denver,80209,name,100.0,(303) 951-3724,
"CO:SPM REALTY, INC","SPM REALTY, INC",PUEBLO,81003,,Rocky Mountain Realty,Pueblo,81003,name,100.0,(719) 582-6191,
CO:YOU 1ST REALTY LLC,YOU 1ST REALTY LLC,GREENWOOD VILLAGE,80111,,You 1st Realty,Greenwood Village,80111,name,100.0,(720) 949-5525,(303) 570-4988;(303) 619-5527;(303) 704-0476;(719) 641-6912;(719) 651-3524;(720) 299-1730;(720) 512-2600;(720) 515-8544;(720) 615-7905;(720) 949-5525;(970) 300-1985
"CO:SFRE ASPEN, LLC","SFRE ASPEN, LLC",ASPEN,81611,,Engel and Volkers Aspen Snowmass,Aspen,81611,name,94.91525423728814,(970) 925-8400,
CO:DOUGLAS ELLIMAN OF COLORADO LLC,DOUGLAS ELLIMAN OF COLORADO LLC,ASPEN,81611,,Douglas Elliman Colorado,Aspen,81611,name,100.0,(970) 925-8810,(212) 891-7000
"CO:CONIFER PARTNERS, LLC","CONIFER PARTNERS, LLC",CONIFER,80433,,Keller Williams Foothills Realty Llc,Conifer,80433,name,100.0,(303) 838-3000,
CO:REALTY LEADERS LLC,REALTY LEADERS LLC,CENTENNIAL,80112,,Re/max Leaders,Centennial,80112,name,100.0,(303) 834-1144,
CO:PINNACLE REAL ESTATE ADVISORS LLC,PINNACLE REAL ESTATE ADVISORS LLC,DENVER,80203,,"Pinnacle Real Estate Advisors, Llc",Denver,80203,name,100.0,(303) 962-9555,(303) 962-9555
CO:CODE OF THE WEST REAL ESTATE LLC,CODE OF THE WEST REAL ESTATE LLC,LA VETA,81055,,Code Of The West Real Estate LLC,La Veta,81055,name,100.0,(719) 742-3626,(719) 742-3464;(719) 742-3626
CO:ROSS REAL ESTATE LTD,ROSS REAL ESTATE LTD,DENVER,80202,,Newmark,Denver,80202,name,100.0,(303) 892-1111,
CO:CHRISTIE'S INTERNATIONAL REAL ESTATE ASPEN SNOWMASS LLC,CHRISTIE'S INTERNATIONAL REAL ESTATE ASPEN SNOWMASS LLC,ASPEN,81611,,Christie's International Real Estate Aspen Snowmass,Aspen,81611,name,100.0,(970) 544-5800,
CO:JLB KLB LLC,JLB KLB LLC,DENVER,80206,,The Agency Denver,Denver,80206,name,100.0,(720) 441-2961,
CO:PUEBLO REAL ESTATE ASSOCIATES LLC,PUEBLO REAL ESTATE ASSOCIATES LLC,PUEBLO,81008,,Pueblo Properties,Pueblo,81007,name,100.0,(719) 647-5828,(719) 647-5828
OR:201012089,BETTER HOMES AND GARDENS REAL ESTATE REALTY PARTNERS,CLACKAMAS,97015,,Better Homes And Gardens Real Estate Realty Partners,Clackamas,97015,name,100.0,(503) 698-6600,
OR:201209497,ELEETE REAL ESTATE,PORTLAND,97225,,Eleete Real Estate,Portland,97225,name,100.0,(503) 292-1500,(360) 768-2343;(503) 292-1500
OR:201227948,MOVE REAL ESTATE INC.,OREGON CITY,97045,,Move Real Estate,Oregon City,97045,name,100.0,(503) 836-2010,
OR:201207614,THINK REAL ESTATE,PORTLAND,97214,,Think Real Estate,Portland,97214,name,100.0,(503) 847-2722,(503) 847-2722
OR:201228836,KELLER WILLIAMS REALTY PORTLAND ELITE,CLACKAMAS,97015,,Keller Williams Realty Portland Elite,Clackamas,97015,name,100.0,(503) 744-0000,
OR:201206855,EQUITY OREGON REAL ESTATE,CANBY,97013,,Equity Oregon Real Estate,Canby,97013,name,100.0,(503) 266-3657,
OR:200803143,"SOLDERA PROPERTIES, INC.",LAKE OSWEGO,97034,,Soldera Properties,Lake Oswego,97035,name,100.0,(503) 334-1515,
OR:200601016,BETTER HOMES AND GARDENS REAL ESTATE EQUINOX,EUGENE,97401,,Better Homes And Gardens Real Estate Equinox,Eugene,97401,name,100.0,(541) 683-2200,(541) 683-2200
OR:200271090,PACIFIC PROPERTIES,COOS BAY,97420,,Pacific Properties Real Estate,Coos Bay,97420,name,100.0,(541) 269-5263,
OR:201216267,KELLER WILLIAMS CAPITAL CITY,SALEM,97302,,Keller Williams Capital City,Salem,97302,name,100.0,(503) 830-9467,
OR:201224007,MATIN REAL ESTATE,WEST LINN,97068,,Matin Real Estate,West Linn,97068,name,100.0,(503) 622-9624,
OR:201210621,HARCOURTS THE GARNER GROUP REAL ESTATE,BEND,97703,,Harcourts The Garner Group,Bend,97703,name,100.0,(541) 383-4360,(541) 280-1736;(541) 280-3804;(541) 280-9134;(541) 383-4360;(541) 527-8550
OR:201216935,ALL PROFESSIONALS REAL ESTATE LLC,BEAVERTON,97003,,All Professionals Real Estate,Beaverton,97003,name,100.0,(503) 259-2100,(503) 259-2100
OR:201242736,WINDERMERE HERITAGE,SALEM,97302,,Windermere Heritage,Salem,97302,name,100.0,(503) 558-4400,(206) 527-3801
OR:201207293,"FISHER NICHOLSON REALTY, LLC",KLAMATH FALLS,97601,,"Fisher Nicholson Realty, Llc",Klamath Falls,97601,name,100.0,(541) 884-1717,
OR:201231137,REALTY FIRST LLC,LAKE OSWEGO,97035,,Realty First,Lake Oswego,97035,name,100.0,(503) 343-5825,(360) 878-1280;(503) 320-7747;(503) 327-4857;(503) 343-5825;(503) 442-2356;(503) 442-7884;(503) 484-5391;(503) 559-6766;(503) 720-7392;(503) 747-9595;(503) 810-8949;(503) 828-8069;(503) 932-4051;(503) 989-9469;(612) 701-2077;(971) 208-3323;(971) 267-0798
OR:201208345,URBAN NEST REALTY,PORTLAND,97213,,Urban Nest Realty,Portland,97213,name,100.0,(503) 432-8126,(503) 432-8126
OR:200903071,UNITED REAL ESTATE PROPERTIES,EUGENE,97401,,United Real Estate Properties,Eugene,97401,name,100.0,(541) 525-9060,
OR:200405136,"CAPACITY COMMERCIAL GROUP, LLC",PORTLAND,97205,,Capacity Commercial Group,Portland,97205,name,100.0,(503) 326-9000,(360) 946-4830;(503) 326-9000;(503) 588-0400
OR:201208507,1 BERKSHIRE HATHAWAY HOMESERVICES NORTHWEST REAL ESTATE,BEND,97702,,Berkshire Hathaway HomeServices Northwest Real Estate,Bend,97702,name,97.61904761904762,(541) 322-8880,
OR:201110012,"CBRE, INC.",PORTLAND,97201,,CBRE,Portland,97201,name,100.0,(503) 221-1900,
OR:201210028,KIDDER MATHEWS,PORTLAND,97204,,Kidder Mathews,Portland,97204,name,100.0,(503) 221-9900,
OR:200305233,"COLLIERS INTERNATIONAL OR, LLC",PORTLAND,97204,,Colliers International,Portland,97204,name,93.61702127659575,(503) 223-3123,
OR:200403193,"KNIGHTSBRIDGE INTERNATIONAL REAL ESTATE, LLC",BEND,97703,,Knightsbridge International Real Estate,Bend,97703,name,100.0,(541) 312-2113,
OR:201234823,TRIPLE OAKS REALTY LLC,EUGENE,97408,,Triple Oaks Realty,Eugene,97408,name,100.0,(541) 636-3666,(541) 636-3666
OR:201222896,REALTY ONE GROUP PRESTIGE,BEAVERTON,97006,,Realty One Group Prestige,Beaverton,97006,name,100.0,(503) 205-0614,(503) 957-1179
OR:201255236,THE AGENCY PORTLAND,PORTLAND,97225,,The Agency Portland,Portland,97225,name,100.0,(503) 297-2000,(503) 297-2000
OR:200270312,THE NEIL COMPANY REAL ESTATE,ROSEBURG,97471,,The Neil Company Real Estate,Roseburg,97471,name,100.0,(541) 673-4417,(208) 789-6384;(415) 706-7640;(541) 294-2884;(541) 315-6710;(541) 415-4674;(541) 430-2748;(541) 430-4734;(541) 430-5512;(541) 580-1494;(541) 580-3385;(541) 643-6332;(541) 643-8961;(541) 671-8768;(541) 673-4417;(541) 680-7089;(541) 680-8441;(541) 784-6311;(541) 892-4611;(541) 900-4448;(541) 965-2256;(949) 533-9190
OR:980300043,WINDERMERE REAL ESTATE/LANE COUNTY,EUGENE,97401,,Windermere Real Estate/Lane County,Eugene,97408,name,100.0,(541) 465-8103,(206) 527-3801
OR:200102158,"COLDWELL BANKER MOUNTAIN WEST REAL ESTATE, INC.",SALEM,97301,,"Coldwell Banker Mountain West Real Estate, Inc.",Salem,97301,name,100.0,(503) 364-9596,(503) 364-9596
OR:200703266,BELLA CASA REAL ESTATE GROUP,MCMINNVILLE,97128,,Bella Casa Real Estate Group,McMinnville,97128,name,100.0,(503) 437-9005,(503) 437-4628;(503) 437-9005;(503) 538-2085;(503) 874-1540
OH:REC.2020004953,"DI LUSSO REAL ESTATE, LTD",COLUMBUS,43235,,DiLusso Real Estate - Kimberly Kelly,Columbus,43235,address,93,(740) 285-0587,(614) 980-9400
OH:REC.2020000431,DREAM HUGE REALTY LLC,MANSFIELD,44906,,Dream Huge Realty,Mansfield,44906,name,100.0,(419) 528-8260,(419) 528-8260;(567) 560-7520
OH:REC.2016006437,RISE REALTY AND MANAGEMENT CO.,LANCASTER,43130,,Rise Realty and Management Co.,Lancaster,43130,name,100.0,(740) 654-5552,
OH:REC.2002019290,OHIO FAMILY REALTY INC.,ELYRIA,44035,,"Ohio Family Realty, Inc.",Elyria,44035,name,100.0,(440) 731-8070,
OH:REC.0000428702,"ADENA COMMERCIAL, LLC",COLUMBUS,43215,,Adena Commercial Llc,Columbus,43240,name,100.0,(614) 436-9800,
OH:REC.0000313779,"LEPI & ASSOCIATES, LLC",ZANESVILLE,43701,,Lepi & Associates Real Estate Services,Zanesville,43701,name,100.0,(740) 455-3730,
OH:REC.2022007733,"THE RAINES GROUP, INC.",NEW ALBANY,43054,,The Raines Group,New Albany,43054,name,100.0,(614) 924-9000,(202) 200-7733;(614) 924-9000
OH:REC.2006003629,"HAYES REALTY, INC.",CANTON,44718,,Hayes Realty,Canton,44718,name,100.0,(330) 491-9801,
OH:REC.2006007472,HOME CENTRAL REALTY LLC,WESTERVILLE,43081,,Home Central Realty,Westerville,43081,name,100.0,(614) 216-0426,
OH:REC.0000258024,BURGAN REAL ESTATE LTD INC,BOARDMAN,44512,,Burgan Real Estate,Youngstown,44512,name,100.0,(330) 783-0055,
OH:REC.0000190520,SLUSS REALTY CO,ONTARIO,44906,,Sluss Realty,Mansfield,44906,name,100.0,(419) 529-3047,(419) 529-3047
OH:REC.0000441368,MARCUS & MILLICHAP REAL ESTATE INVESTMENT SERVICES,COLUMBUS,43215,,Marcus & Millichap,Columbus,43215,address,100,(614) 360-9800,
OH:REC.2021007063,CAROL GOFF & ASSOCIATES LLC,ZANESVILLE,43701,,Carol Goff & Associates Real Estate,Zanesville,43701,name,100.0,(740) 454-6777,
OH:REC.2023002864,"THE WESTWOOD REAL ESTATE CO., LTD.",HILLIARD,43026,,Westwood Real Estate Company,Hilliard,43026,name,100.0,(614) 599-6100,
OH:REC.0000162391,HAVEN REALTY INC,GARFIELD HEIGHTS,44125,,Carmela Markosky-re/max Haven Realty,Cleveland,44125,address,100,(216) 332-0456,
OH:REC.2025000242,"ROLLS REALTY, LLC",POWELL,43065,,Rolls Realty,Powell,43065,name,100.0,(614) 792-5662,(614) 792-5662
OH:REC.2011001623,"KAUFMAN REALTY & AUCTION, LLC",SUGARCREEK,44681,,Kaufman Realty & Auctions,Sugarcreek,44681,name,97.14285714285714,(330) 852-4111,
OH:REC.0000350234,HARING REALTY INC,MANSFIELD,44907,,Haring Realty,Mansfield,44907,name,100.0,(419) 756-8383,
NV:ORANGE REALTY GROUP,ORANGE REALTY GROUP,LAS VEGAS,89120,,Orange Realty Group,Las Vegas,89120,name,100.0,(702) 617-0000,(702) 617-0000
NV:UNIVERSAL REALTY ASSOCIATES,UNIVERSAL REALTY ASSOCIATES,HENDERSON,89074,,Universal Realty Associates,Henderson,89074,name,100.0,(702) 938-7700,(702) 938-7700
NV:NATIONWIDE REALTY LLC,NATIONWIDE REALTY LLC,LAS VEGAS,89146,,Nationwide Realty,Las Vegas,89146,name,100.0,(702) 440-4663,
NV:PROMINENT REALTY GROUP LLC,PROMINENT REALTY GROUP LLC,LAS VEGAS,89128,,Prominent Realty Group LLC,Las Vegas,89128,name,100.0,(702) 750-1700,
NV:AMERICANA REAL ESTATE,AMERICANA REAL ESTATE,HENDERSON,89074,,American Realty Properties,Henderson,89052,name,94.11764705882352,(702) 597-2401,
NV:VERTEX REALTY & PROPERTY MANAGEMENT LLC,VERTEX REALTY & PROPERTY MANAGEMENT LLC,LAS VEGAS,89147,,Vertex Realty & Property Management,Las Vegas,89147,name,100.0,(702) 916-3512,
NV:SIERRA NEVADA PROPERTIES,SIERRA NEVADA PROPERTIES,RENO,89519,,Sierra Nevada Properties,Reno,89509,name,100.0,(775) 689-8228,
NV:EVOLVE REALTY,EVOLVE REALTY,LAS VEGAS,89113,,Evolve Realty,Las Vegas,89113,name,100.0,(702) 888-3337,(702) 888-3337
NV:CUSHMAN & WAKEFIELD,CUSHMAN & WAKEFIELD,LAS VEGAS,89135,,Cushman & Wakefield,Las Vegas,89135,name,100.0,(702) 796-7900,
"NV:D.R. HORTON, INC.","D.R. HORTON, INC.",HENDERSON,89014,,D.R. Horton Las Vegas Division Office,Henderson,89014,address,100,(702) 635-3600,
NV:COLDWELL BANKER EXCEL,COLDWELL BANKER EXCEL,ELKO,89801,,Coldwell Banker Excel,Elko,89801,name,100.0,(775) 738-4078,
NV:GENERAL REALTY GROUP INC,GENERAL REALTY GROUP INC,LAS VEGAS,89120,,General Realty Group,Las Vegas,89119,name,100.0,(702) 736-4664,(818) 778-1112
NV:HAUTE PROPERTIES NV,HAUTE PROPERTIES NV,RENO,89511,,Haute Properties Nv,Reno,89511,name,100.0,(775) 525-1448,
NV:PARADIGM REALTY,PARADIGM REALTY,LAS VEGAS,89135,,Paradigm Realty,Las Vegas,89148,name,100.0,(702) 783-7736,(702) 718-7736;(702) 783-7736
NV:PREMIER REFERRAL NETWORK LLC,PREMIER REFERRAL NETWORK LLC,LAS VEGAS,89117,,Premier Referral Network,Las Vegas,89117,name,100.0,(702) 939-5122,(702) 227-5312;(702) 460-7080
NV:WIN WIN REAL ESTATE,WIN WIN REAL ESTATE,LAS VEGAS,89123,,Win Win Real Estate,Las Vegas,89123,name,100.0,(702) 430-6958,
NV:LOCAL REALTY,LOCAL REALTY,LAS VEGAS,89113,,Local Realty,Las Vegas,89135,name,100.0,(702) 523-2948,
NV:BERKSHIRE HATHAWAY HOMESERVICES DRYSDALE PROPERTIES,BERKSHIRE HATHAWAY HOMESERVICES DRYSDALE PROPERTIES,CARSON CITY,89703,,Berkshire Hathaway HomeServices Drysdale Properties,Carson City,89703,name,100.0,(775) 434-0344,
NV:LEADING VEGAS REALTY,LEADING VEGAS REALTY,LAS VEGAS,89147,,Leading Vegas Realty,Las Vegas,89147,name,100.0,(702) 545-6050,(702) 545-6050;(702) 545-6063
NV:LAS VEGAS REALTY LLC,LAS VEGAS REALTY LLC,LAS VEGAS,89146,,Las Vegas Real Estate,Las Vegas,89148,name,100.0,(702) 565-7100,
NV:ROTHWELL GORNT COMPANIES,ROTHWELL GORNT COMPANIES,HENDERSON,89074,,Rothwell Gornt Companies,Henderson,89074,name,100.0,(702) 932-8813,
NV:SCOFIELD GROUP LLC,SCOFIELD GROUP LLC,LAS VEGAS,89148,,Scofield Group,Las Vegas,89148,name,100.0,(702) 766-3795,(530) 517-0012;(702) 219-4615;(702) 418-5768;(702) 766-3795;(702) 779-9780;(702) 813-5307;(773) 431-8073
NV:IS LUXURY,IS LUXURY,LAS VEGAS,89135,,IS LUXURY,Las Vegas,89135,name,100.0,(702) 315-0223,(702) 315-0223;(702) 848-6916;(949) 209-5009
NV:CITY VILLA REALTY & MANAGEMENT LLC,CITY VILLA REALTY & MANAGEMENT LLC,LAS VEGAS,89118,,"City Villa Realty & Management, Llc",Las Vegas,89118,name,100.0,(702) 222-0576,
AZ:LC629808003,"21,000 HOLDINGS, LLC",FLAGSTAFF,86001,,Re/Max Fine Properties,Flagstaff,86005,name,100.0,(928) 774-0066,
AZ:LC680726000,"INTEGRITY LIVING, LLC",TUCSON,85704,,Realty ONE Group Integrity,Tucson,85746,name,100.0,(520) 412-2565,
AZ:CO000192041,"ROY H. LONG REALTY COMPANY, INC.",TUCSON,85747,,Long Realty,Tucson,85716,name,100.0,(520) 979-7886,
AZ:LC641337000,PRISTINE DESERT PROPERTIES LLC,SCOTTSDALE,85255,,Success Property Brokers,Scottsdale,85255,name,100.0,(480) 563-9511,
AZ:LC585579000,"BENCHMARK ONE REALTY, L.L.C.",PRESCOTT,86301,,Homesmart Fine Homes & Land,Prescott,86301,name,95.0,(928) 442-2121,
AZ:LC626480000,"HAYMORE REAL ESTATE, LLC",SIERRA VISTA,85635,,Haymore Real Estate LLC,Sierra Vista,85635,name,100.0,(520) 458-2711,(520) 458-2711;(520) 686-0618;(928) 428-5515
AZ:LC575462000,3CB INVESTMENTS LLC,PEORIA,85381,,RE/MAX Desert Showcase,Peoria,85381,name,100.0,(623) 979-8888,(602) 373-9740;(623) 979-8888
AZ:LC654107002,"MOUNTAIN DESERT LIVING, LLC",LAKE HAVASU CITY,86403,,Realty One Group Mountain Desert,Lake Havasu City,86403,name,100.0,(928) 486-8582,
AZ:LC654107015,"MOUNTAIN DESERT LIVING, LLC",LAKE HAVASU CITY,86403,,Realty One Group Mountain Desert,Lake Havasu City,86403,name,100.0,(928) 486-8582,
AZ:LC640973033,"SOUTHERN ARIZONA BROKERAGE, LLC",TUCSON,85715,,Realty Executives Arizona Territory,Tucson,85747,name,100.0,(520) 585-4720,(520) 331-1962;(520) 440-6342
AZ:LC654107011,"MOUNTAIN DESERT LIVING, LLC",LAKE HAVASU CITY,86403,,Realty One Group Mountain Desert,Lake Havasu City,86403,name,100.0,(928) 486-8582,
AZ:LC627335027,NRT ARIZONA LLC,GREEN VALLEY,85622,,Coldwell Banker Realty,Green Valley,85622,name,100.0,(520) 625-1112,
AZ:LC649480021,"DELEX REALTY, LLC",GLENDALE,85012,,DeLex Realty,Glendale,85308,name,100.0,(602) 910-3002,
AZ:LC631719000,"CAPITAL ASSET MANAGEMENT, LLC",PHOENIX,85016,,Capital Asset Management,Phoenix,85014,name,100.0,(602) 489-7990,(602) 489-7990
AZ:LC649480004,"DELEX REALTY, LLC",GLENDALE,85308,,DeLex Realty,Glendale,85308,name,100.0,(602) 910-3002,
AZ:LC719601000,"APEX RESIDENTIAL, LLC",SCOTTSDALE,85250,,APEX Residential,Scottsdale,85251,name,100.0,(602) 341-5153,(305) 509-3005;(310) 779-8792;(435) 640-5998;(480) 213-7129;(480) 223-2490;(480) 226-4633;(480) 226-7871;(480) 262-2030;(480) 265-6459;(480) 280-1087;(480) 291-3097;(480) 353-0299;(480) 406-5191;(480) 433-5979;(480) 486-7706;(480) 524-0441;(480) 524-0480;(480) 646-7358;(480) 826-5496;(480) 859-9955;(480) 938-6389;(503) 816-6465;(561) 676-3354;(602) 329-1717;(602) 341-5153;(602) 430-8666;(602) 434-3551;(602) 550-1609;(602) 677-9038;(602) 733-7581;(602) 750-4285;(602) 803-9167;(602) 859-3287;(602) 859-5999;(602) 980-4275;(602) 980-4900;(610) 864-6276;(623) 210-0386;(623) 210-7267;(623) 239-7276;(630) 303-3233;(630) 779-6013;(775) 544-3548;(801) 243-8269;(847) 343-8824;(847) 877-7946;(925) 487-0608;(973) 567-2180
AZ:CO001467000,"VALLEY METRO INVESTMENTS, INC.",SCOTTSDALE,85254,,Arizona Best Real Estate,Scottsdale,85254,name,100.0,(480) 948-4711,
AZ:LC689786002,SFRE SCOTTSDALE LLC,SCOTTSDALE,85255,,Engel & Volkers - Scottsdale,Scottsdale,85251,name,98.11320754716981,(480) 518-2222,(480) 518-2222
AZ:CO115648002,"CENTURION INVESTMENTS, INC.",GLENDALE,85306,,Century 21 Northwest Realty,Glendale,85306,name,100.0,(623) 280-0851,
AZ:LC526957011,"ARROWHEAD 112, LLC",PEORIA,85382,,Keller Williams Professional Partners,Peoria,85382,name,100.0,(602) 429-9307,
AZ:LC656767000,"LEVROSE REAL ESTATE, LLC",SCOTTSDALE,85251,,Levrose,Scottsdale,85251,name,100.0,(480) 947-0600,(480) 947-0600
AZ:LC646682003,"RUSS LYON, LLC",FLAGSTAFF,86001,,Russ Lyon Sothebys International Realty,Flagstaff,86001,name,100.0,(928) 405-2190,(928) 699-9707
AZ:LC715597000,REALTY OF AMERICA LLC,PHOENIX,85012,,American Realty Brokers,Phoenix,85018,name,93.33333333333333,(602) 955-6606,(602) 955-6606
AZ:CO635946000,"TENBAR, INC.",GILBERT,85234,,On Q Property Management,Gilbert,85234,name,100.0,(480) 518-9910,(469) 946-6900;(480) 518-9910;(512) 778-0025;(520) 244-0001
AZ:LC640973003,"SOUTHERN ARIZONA BROKERAGE, LLC",TUCSON,85715,,Realty Executives Arizona Territory,Tucson,85747,name,100.0,(520) 585-4720,(520) 331-1962;(520) 440-6342
AZ:LC640973012,"SOUTHERN ARIZONA BROKERAGE, LLC",TUCSON,85747,,Realty Executives Arizona Territory,Tucson,85747,name,100.0,(520) 585-4720,(520) 331-1962;(520) 440-6342
AZ:LC658545000,THE REALTY AGENCY LLC,YUMA,85364,,The Realty Agency,Yuma,85364,name,100.0,(928) 539-3000,
AZ:CO112869000,"CAMBRIDGE PROPERTIES, INC.",PHOENIX,85014,,Cambridge Properties,Phoenix,85014,name,100.0,(602) 493-5100,(602) 300-1800;(602) 469-6600;(602) 493-5100;(602) 820-9000;(914) 384-2475
AZ:LC639798009,"AMERICANA ARIZONA, LLC",GOODYEAR,85395,,Berkshire Hathaway HomeServices Arizona Properties,Goodyear,85395,name,100.0,(623) 266-3550,
AZ:CO683807000,"BELLO SOL, INC.",PRESCOTT,86301,,Bello Sol Inc,Prescott,86301,name,100.0,(928) 636-1500,
AZ:LC689548000,YUMA GATEWAY LLC,YUMA,85364,,Realty One Group Gateway,Yuma,85364,name,100.0,(928) 325-1111,
AZ:LC639798020,"AMERICANA ARIZONA, LLC",PRESCOTT,86301,,Berkshire Hathaway HomeServices Arizona Properties,Prescott,86301,name,100.0,(623) 337-2003,
AZ:LC644582000,"NEWMARK REAL ESTATE OF ARIZONA, LLC",PHOENIX,85016,,Newmark,Phoenix,85016,name,100.0,(602) 952-3800,
AZ:LC631533000,"ORION INVESTMENT REAL ESTATE, LLC",SCOTTSDALE,85251,,ORION Investment Real Estate,Scottsdale,85251,name,100.0,(480) 634-6934,(480) 634-6934
AZ:LC692787000,"LEGACY III, LLC",CASA GRANDE,85122,,Keller Williams Legacy One Realty,Casa Grande,85122,name,100.0,(520) 836-9301,(480) 452-4067;(520) 836-9301
AZ:LC624115000,"PRO-FORMANCE REALTY CONCEPTS, LLC",SURPRISE,85374,,PRO-formance Realty Concepts,Surprise,85374,name,100.0,(623) 980-8434,
AZ:LC649988000,E & G REALTY LLC,TEMPE,85282,,E & G Real Estate Services,Tempe,85282,name,100.0,(480) 550-8500,
AZ:LC700176000,"INDIE REALTY, LLC",TUCSON,85715,,Indie Realty,Tucson,85715,name,100.0,(520) 777-8973,
AZ:LC628138000,"TOMA PARTNERS, LLC",PEORIA,85383,,CENTURY 21 Toma Partners Real Estate,Peoria,85383,name,100.0,(602) 954-2000,
AZ:LC534270020,"GO BIG, LLC",PHOENIX,85260,,Keller Williams Arizona Realty,Phoenix,85016,name,100.0,(480) 767-3000,(480) 767-3000
AZ:CO535293000,"REALTY USA SOUTHWEST, INC",PHOENIX,85080,,Realty Usa Southwest,Phoenix,85032,name,100.0,(602) 435-1456,(602) 435-1456
AZ:LC641212000,"S. MURRAY TIERRA RICA, LLC",MARICOPA,85139,,The Maricopa Real Estate Company,Maricopa,85139,name,100.0,(520) 350-1091,(520) 350-1091
AZ:LC534270023,"GO BIG, LLC",SCOTTSDALE,85260,,Keller Williams Arizona Realty,Scottsdale,85260,name,100.0,(480) 767-3000,(480) 767-3000
AZ:LC693902000,"BORTLOCK, LLC",PHOENIX,85018,,The Brokery,Phoenix,85014,name,100.0,(602) 691-5004,(602) 892-4444
AZ:LC645362001,HS ADVANTAGE LLC,TUCSON,85715,,HomeSmart Advantage Group,Tucson,85704,name,100.0,(520) 471-7343,
AZ:LC696416000,"BLACK MOUNTAIN VALLEY REALTY, LLC",FT. MOHAVE,86426,,Black Mountain Valley Realty,Fort Mohave,86426,name,100.0,(928) 577-2349,
AZ:LC656651003,"BLISS REAL ESTATE, LLC",GILBERT,85295,,Bliss Realty,Gilbert,85295,name,100.0,(480) 605-0814,(214) 683-6303
AZ:LC514790000,"US SOUTHWEST, L.L.C.",BULLHEAD CITY,86442,,US Southwest Real Estate,Bullhead City,86442,name,100.0,(928) 763-2288,
AZ:LC627335019,NRT ARIZONA LLC,LAKE HAVASU CITY,86403,,Coldwell Banker Realty,Lake Havasu City,86403,name,100.0,(928) 855-2191,
AZ:LC571257000,"GREP SOUTHWEST, LLC",PHOENIX,85016,,Grep Southwest Llc,Phoenix,85018,name,100.0,(602) 522-1200,
AZ:LC713785000,THE AVENUE COLLECTIVE AZ LLC,SCOTTSDALE,85250,,The Ave Collective,Scottsdale,85250,name,100.0,(480) 569-8516,(480) 268-6471
AZ:LC635438006,BLUEBONNET VENTURES L.L.C.,TUCSON,85718,,Keller Williams Southern Arizona,Tucson,85718,name,100.0,(520) 216-4617,(520) 378-1000;(520) 615-8400
AZ:LC692550000,LOCALITY REAL ESTATE LLC,CHANDLER,85226,,Locality Real Estate,Chandler,85226,name,100.0,(602) 758-6007,(602) 758-6007
AZ:CO002287000,"JOEL S SELMAN, INC.",LAKE HAVASU CITY,86403,,Selman and Associates,Lake Havasu City,86403,name,100.0,(928) 486-7986,(928) 855-9781
AZ:LC659722004,"OMNI HOMES INTERNATIONAL, LLC",TUCSON,85704,,Omni Homes International,Tucson,85704,name,100.0,(520) 474-1777,
AZ:LC545034000,"K. HOVNANIAN GREAT WESTERN HOMES, LLC",SCOTTSDALE,85260,,K. Hovnanian Homes,Scottsdale,85257,name,100.0,(602) 824-7833,
AZ:CO002532000,VDH INVESTMENTS CORP.,SCOTTSDALE,85260,,RE/MAX Excalibur,Scottsdale,85262,name,100.0,(480) 344-4400,
AZ:CO107155000,"ARI/AWARD REALTY, INC.",SUN CITY WEST,85375,,Award Realty,Sun City,85375,name,100.0,(623) 544-4663,(623) 544-4663
AZ:LC676821000,"LIBERTAS REAL ESTATE, LLC",GOODYEAR,85338,,Libertas Real Estate,Goodyear,85338,name,100.0,(623) 271-9742,
AZ:LC568984000,ARIZONA PREMIER REALTY HOMES & LAND L.L.C.,GLENDALE,85308,,Arizona Premier Realty Homes and Land,Glendale,85308,name,95.23809523809523,(623) 594-7680,(623) 594-7680
AZ:LC718266000,"AXEN REALTY, LLC",MESA,85212,,AXEN Realty,Mesa,85212,name,100.0,(623) 624-9685,
