jurisdiction,source_url,links_licensees_to_firms,fields,cost,access_method,terms,download_attempt_2026-10-09,usable_this_run,reason
AL,https://arec.alabama.gov/apps/listrequest,yes,company + licensees with address,$10 per list,web list request (paid),AREC list terms,not attempted: no free bulk file linking licensees to firms,no,company+licensee list exists but is paid ($10)
AK,https://www.commerce.alaska.gov/web/cbpl/professionallicensing/realestatecommission,no,lookup only,free lookup,per-record search,,not attempted: no bulk file found,no,no bulk roster found; per-record lookup only
AZ,https://services.azre.gov/PdbWeb/,yes,company search shows employees; individual record shows employer + designated broker; 'download lists' section (contents unconfirmed),free,web download / per-company pages,ADRE disclaims accuracy,blocked: egress proxy 403 (environment network policy) - not downloaded,no,free download section exists but host blocked from this run
AR,https://labor.arkansas.gov/licensing/real-estate-commission/arec-roster/agent-search/,yes,roster search by firm (PB/EB/AB/SA),free search; bulk registry list is paid,per-firm web search,,not attempted: search UI only; bulk list paid,no,no free bulk file; firm-level search only
CA,https://www.dre.ca.gov/Licensees/ExamineeLicenseeListDataFiles.html,yes,licensee file; related_* fields = responsible broker/corp (RE 776),free,Excel/CSV download,RE 776: use restrictions on examinee list,blocked: egress proxy 403 (environment network policy) - not downloaded,no,free file links salespersons to responsible broker; host blocked
CO,https://apps2.colorado.gov/dre/licensing/Lookup/GenerateRoster.aspx,unknown,"generated rosters: associate brokers, responsible brokers, companies (employing-firm column unconfirmed)",free (No Fee Required),generate + download roster,,blocked: egress proxy 403 (environment network policy) - not downloaded,no,free roster generator; host blocked so firm link could not be confirmed
CT,https://data.ct.gov/d/6tja-6vdt,yes,"salesperson name, credential, broker name, broker credential",free,Socrata open data CSV/JSON,CT open data terms,blocked: egress proxy 403 (environment network policy) - not downloaded,no,ideal free dataset; host blocked
DE,https://dpr.delaware.gov/boards/realestate/,no,DELPROS lookup only,free lookup,per-record,,not attempted: no bulk file found,no,no bulk roster found
DC,https://dlcp.dc.gov/,no,brokerage rosters only inside logged-in OPLA portal,n/a,login-walled,,skipped: login-walled,no,affiliation rosters are login-walled
FL,https://www2.myfloridalicense.com/real-estate-commission/public-records/,yes,"name, rank, address, license no., status, employer name, employer license no.",free,weekly CSV download,DBPR public records disclaimer,blocked: egress proxy 403 (environment network policy) - not downloaded,no,free weekly CSV with employer fields; host blocked
GA,https://ata.grec.state.ga.us/Account/Search,no,per-person search shows firm,free lookup,per-record search (account prompts),,not attempted: no bulk file found,no,no bulk roster found
HI,https://mypvl.dcca.hawaii.gov/public-license-search/,no,per-record lookup,free lookup,per-record,,not attempted: no bulk file found,no,no bulk roster found
ID,https://dopl.idaho.gov/,no,lookup only,free lookup,per-record,,not attempted: no bulk file found,no,no bulk roster found
IL,https://idfpr.illinois.gov/,unknown,lookup shows sponsoring broker; 'roster downloads' mentioned by third party only,unknown,unconfirmed,,not attempted: no confirmed bulk file,no,bulk download not confirmed
IN,https://www.pla.in.gov/,no,Search and Verify lookup,free lookup,per-record,,not attempted: no bulk file found,no,no bulk roster found
IA,https://dial.iowa.gov/media/4623/download,unknown,mailing list CSV (names/addresses/phones),$30 deposit,"order form, emailed CSV",,not attempted: paid,no,paid list
KS,https://www.krec.ks.gov/licensees/licensee-and-exam-information,unknown,"Licensee Data Report (name, license no/type, dates, status; active-only fields unconfirmed)",free,monthly zipped CSV,not for verification/certification,blocked: egress proxy 403 (environment network policy) - not downloaded,no,free file; firm link unconfirmed; host blocked
KY,https://oop.ky.gov/,yes,"per-firm pages list branches, principal broker, affiliated licensees + status",free,per-firm web pages (no bulk file),,blocked: egress proxy 403 (environment network policy) - not downloaded,no,firm pages list affiliates by name; host blocked
LA,https://lrec.gov/public-records,unknown,roster request sortable by type/status/parish,unknown,roster request link,,blocked: egress proxy 403 (environment network policy) - not downloaded,no,roster request; firm link/fee unconfirmed; host blocked
ME,https://www.maine.gov/pfr/professionallicensing/,no,lookup only,free lookup,per-record,,not attempted: no bulk file found,no,no bulk roster found
MD,https://labor.maryland.gov/License/mrec/,no,lookup only,free lookup,per-record,,not attempted: no bulk file found,no,no bulk roster found
MA,https://www.mass.gov/info-details/ma-professional-licensing-api-agencies-boards-and-types,unknown,Check a License + professional licensing API (real-estate coverage/firm link unconfirmed),free,API,,blocked: egress proxy 403 (environment network policy) - not downloaded,no,API exists; firm link unconfirmed; host blocked
MI,https://www.michigan.gov/lara/bureau-list/bpl/License-Lists-and-Reports,yes,'Real Estate Active Employees' and 'Employer Info of Active Licenses' reports (MiPLUS),free,generated report download,FOIA for more,blocked: egress proxy 403 (environment network policy) - not downloaded,no,free employer reports; host blocked
MN,https://mn.gov/commerce/licensing/list/real-estate/,no,lookup only,free lookup,per-record,,not attempted: no bulk file found,no,no bulk roster found
MS,https://www.mrec.ms.gov/,no,lookup only,free lookup,per-record,,not attempted: no bulk file found,no,no bulk roster found
MO,https://pr.mo.gov/realestate.asp,yes,"licensee directory: names, mailing address, affiliation address",free,download under Online Services,,blocked: egress proxy 403 (environment network policy) - not downloaded,no,free directory with affiliation; host blocked
MT,https://boards.bsd.dli.mt.gov/realty-regulation/,no,lookup only,free lookup; verification $20,per-record,,not attempted: no bulk file found,no,no bulk roster found
NE,https://nrec.nebraska.gov/,no,lookup only,free lookup,per-record,,not attempted: no bulk file found,no,no bulk roster found
NV,https://red.nv.gov/Content/Administration/Active_Licensee_Lists/,unknown,active licensee lists (employing-broker column unconfirmed; NRS 645.520 requires broker on license),free,file download,,blocked: egress proxy 403 (environment network policy) - not downloaded,no,free lists; host blocked
NH,https://oplc.nh.gov/nh-real-estate-commission,no,lookup only,free lookup,per-record,,not attempted: no bulk file found,no,no bulk roster found
NJ,https://www.nj.gov/dobi/division_rec/licensing/online_Instructions/licSearch.html,yes,company search lists its active licensees,free,per-company web search,,blocked: egress proxy 403 (environment network policy) - not downloaded,no,per-company rosters; host blocked
NM,https://www.rld.nm.gov/,no,lookup only,free lookup,per-record,,not attempted: no bulk file found,no,no bulk roster found
NY,https://data.ny.gov/d/yg7h-zjbf,yes,"license no., holder name, license type, business name, business address, expiration",free,Socrata open data CSV/JSON,NY open data terms,blocked: egress proxy 403 (environment network policy) - not downloaded,no,ideal free dataset; host blocked
NC,https://www.ncrec.gov/,no,lookup only,free lookup,per-record,,not attempted: no bulk file found,no,no free bulk file found
ND,https://www.realestatend.org/,no,lookup only,free lookup,per-record,,not attempted: no bulk file found,no,no bulk roster found
OH,https://elicense3.com.ohio.gov/,unknown,roster download (Excel/CSV/TEXT); broker affiliation may be incomplete after LPI migration,free,roster generator,,blocked: egress proxy 403 (environment network policy) - not downloaded,no,free roster; firm link unconfirmed; host blocked
OK,https://lic.ok.gov/PublicPortal/OREC/,no,lookup only,free lookup,per-record,,not attempted: no bulk file found,no,no bulk roster found
OR,https://orea.elicense.micropact.com/Lookup/LicenseLookup.aspx,unknown,generate/download lists (affiliation column unconfirmed),free,list generator,,blocked: egress proxy 403 (environment network policy) - not downloaded,no,free lists; host blocked
PA,https://www.pals.pa.gov/,no,lookup only,free lookup,per-record,,not attempted: no bulk file found,no,no bulk roster found
RI,https://dbr.ri.gov/licenses/lookup.php,unknown,broker and salesperson lists (PDF); affiliation unconfirmed,free,PDF download,,blocked: egress proxy 403 (environment network policy) - not downloaded,no,free lists; host blocked
SC,https://llr.sc.gov/re/,no,lookup only,free lookup,per-record,,not attempted: no bulk file found,no,no bulk roster found
SD,https://dlr.sd.gov/realestate/license_verification_system.aspx,unknown,online roster (free); Excel directory $250,$250 for file,per-record / paid file,,not attempted: paid,no,bulk file is paid
TN,https://www.tn.gov/commerce/regboards/trec.html,no,lookup only,free lookup,per-record,,not attempted: no bulk file found,no,no bulk roster found
TX,https://data.texas.gov/resource/s7ft-44qi.json,yes,"license type/status, county, sponsoring broker relation (agent -> broker company)",free,Socrata open data API,Texas open data terms,blocked: egress proxy 403 (environment network policy) - not downloaded,no,ideal free dataset; host blocked
UT,https://realestate.utah.gov/,no,lookup only; company roster behind broker login,free lookup,per-record,,not attempted: no bulk file found,no,no public bulk roster
VT,https://sos.vermont.gov/opr/,unknown,statewide professional-license database download (contents unconfirmed),free,file download,,blocked: egress proxy 403 (environment network policy) - not downloaded,no,free download; firm link unconfirmed; host blocked
VA,https://www.dpor.virginia.gov/,unknown,"regulant lists, tab-delimited (firm link unconfirmed; described by third parties)",free,file download,,blocked: egress proxy 403 (environment network policy) - not downloaded,no,free regulant lists; host blocked
WA,https://dol.wa.gov/professional-licenses/real-estate-firms,no,lookup only,free lookup,per-record,,not attempted: no bulk file found,no,no bulk roster found
WV,https://rec.wv.gov/About/Pages/Active-Licensee-Rosters.aspx,unknown,active licensee roster files (contents unconfirmed),free,file download,,blocked: egress proxy 403 (environment network policy) - not downloaded,no,free rosters; host blocked
WI,https://dsps.wi.gov/Pages/Professions/REBroker/,no,lists on request under Wis. Stat. 440.14,unknown,request,,not attempted: no self-serve file,no,no self-serve bulk file
WY,https://realestate.wyo.gov/,no,lookup only,free lookup,per-record,,not attempted: no bulk file found,no,no bulk roster found
