company_name,company_number,phone,phone_type,employees,sic_code,address,website,director_names,phone_source,match_confidence,employees_period_end,employees_source
BEST STAFF SOLUTIONS LTD,13114012,07999 055056,mobile,181,78109 - Other activities of employment placement agencies; 78200 - Temporary employment agency activities; 81100 - Combined facilities support activities,"88 KINGSWAY, LONDON, WC2B 6AA",https://www.beststaffsolutions.co.uk/,,"overture place 8b0a8af8-88c9-49da-b667-c44052227f26 ('Best Staff Solutions Ltd', WC2B 6AA)","high (exact_postcode, score 100.0)",2026-01-31,Companies House accounts Accounts_Monthly_Data-September2026.zip / Prod224_2609_13114012_20260131.html
WORKPLACE4YOU RECRUITMENT LTD,12700183,07478 800279,mobile,130,01610 - Support activities for crop production; 78109 - Other activities of employment placement agencies; 78200 - Temporary employment agency activities; 81210 - General cleaning of buildings,"8 CROSS STREET, SPALDING, PE11 2YG",https://workplace4yourecruitment.co.uk,,company website https://workplace4yourecruitment.co.uk/ (UK number pattern in page text),high (website verified: registered name + postcode on site),2025-06-30,Companies House accounts Accounts_Monthly_Data-August2025.zip / Prod224_2508_12700183_20250630.html
CTRG LIMITED,13978126,07360 497552,mobile,114,78109 - Other activities of employment placement agencies; 78200 - Temporary employment agency activities,"THE QUORUM, BOND STREET SOUTH, BRISTOL, BS1 3AE",https://www.ctrg.co.uk,,company website https://www.ctrg.co.uk/contact (tel: link (rendered)),high (website verified: registered name + postcode on site),2025-07-09,Companies House accounts Accounts_Monthly_Data-December2025.zip / Prod224_2512_13978126_20250709.html
CERISE HEALTHCARE LTD,10302140,07535 066501,mobile,80,78109 - Other activities of employment placement agencies; 78200 - Temporary employment agency activities,"C/O NUMBERMILL FOCUS 31 EAST WING, MARK ROAD, HEMEL HEMPSTEAD, HP2 7BW",https://www.cerisehealthcare.co.uk,,company website https://www.cerisehealthcare.co.uk/contact-us (tel: link),high (website verified: company number on site),2025-07-31,Companies House accounts Accounts_Monthly_Data-May2026.zip / Prod224_2605_10302140_20250731.html
SWIFT EMPLOYMENT LTD,13144134,07393 522962,mobile,71,78109 - Other activities of employment placement agencies; 78200 - Temporary employment agency activities,"THE OLD VICARAGE, CHURCH CLOSE, BOSTON, LINCOLNSHIRE, PE21 6NA",,,"overture place 6675fb82-ec42-4974-86da-a4e91b828f35 ('Swift Employment Ltd', PE21 6DY)","high (exact_district, score 100.0)",2026-03-31,Companies House accounts Accounts_Monthly_Data-July2026.zip / Prod224_2607_13144134_20260331.html
365 PLACEMENT SOLUTIONS LIMITED,14168655,07383 154545,mobile,59,53100 - Postal activities under universal service obligation; 78109 - Other activities of employment placement agencies; 80100 - Private security activities,"UNIT 3 CAPONS HILL FARM, STATION ROAD COWFOLD, HORSHAM, RH13 8DE",https://www.365placementsolutions.co.uk,,company website https://www.365placementsolutions.co.uk/contact (tel: link),high (website verified: registered name + postcode on site),2025-06-30,Companies House accounts Accounts_Monthly_Data-June2026.zip / Prod224_2606_14168655_20250630.html
BC RECRUITMENT SERVICES LIMITED,10953223,07394 023434,mobile,50,78109 - Other activities of employment placement agencies,"7 KIRKDALE ROAD, OFFICE 10, 3RD FLOOR, LONDON, E11 1HP",https://www.bcrecruitmentservices.co.uk/apply-with-us/,,"overture place b5bd6fa1-edc9-420a-a9a2-5c6e5d33e93c ('BC Recruitment Services', E11 1HP)","high (exact_postcode, score 100.0)",2025-09-30,Companies House accounts Accounts_Monthly_Data-September2026.zip / Prod224_2609_10953223_20250930.html
CYGNET PERSONNEL LTD,12518827,07594 322186,mobile,50,78109 - Other activities of employment placement agencies; 78200 - Temporary employment agency activities,"FIRST FLOOR,OFFICE-2, 62 COLLEGE ROAD, MAIDSTONE, KENT, ME15 6SJ",https://www.cygnetpersonnel.co.uk,,company website https://www.cygnetpersonnel.co.uk/contact (UK number pattern in page text),high (website verified: registered name + postcode on site),2025-06-28,Companies House accounts Accounts_Monthly_Data-April2026.zip / Prod224_2604_12518827_20250628.html
FERNSBY BROOKES LIMITED,13894454,07821 831291,mobile,50,"78109 - Other activities of employment placement agencies; 81210 - General cleaning of buildings; 87200 - Residential care activities for learning difficulties, mental health and substance abuse; 87300 - Residential care activities for the elderly and disabled","42 REGENT PLACE, OFFICE 7, RUGBY, WARWICKSHIRE, CV21 2PN",https://www.fernsbybrookes.com,,company website https://www.fernsbybrookes.com/contact (UK number pattern in page text),high (website verified: registered name + postcode on site),2026-02-28,Companies House accounts Accounts_Monthly_Data-August2026.zip / Prod224_2608_13894454_20260228.html
SIR HENRY RECRUITMENT LTD,NI649321,07754 753436,mobile,50,78109 - Other activities of employment placement agencies; 86101 - Hospital activities; 86102 - Medical nursing home activities,"ELMWOOD BUSINESS CENTRE OFFICE 3, 56 UNIVERSITY STREET, BELFAST, ANTRIM, BT7 1HB",https://www.sirhenryrecruitment.com,,company website https://www.sirhenryrecruitment.com/contact (tel: link),high (website verified: company number on site),2025-05-31,Companies House accounts Accounts_Monthly_Data-February2026.zip / Prod224_2602_NI649321_20250531.html
CARE WITH ACTIONS LIMITED,14119199,07713 777950,mobile,48,78109 - Other activities of employment placement agencies; 78200 - Temporary employment agency activities; 88100 - Social work activities without accommodation for the elderly and disabled; 88990 - Other social work activities without accommodation n.e.c.,"UNIT 1, 32A, ROSE STREET, WOKINGHAM, RG40 1XU",https://www.crestcare-solutions.com/,,"overture place 758dbd75-3fac-4268-bebd-456d1188cdf4 ('Care With Actions', RG6 1PT)","high (exact_area, score 100.0)",2025-05-31,Companies House accounts Accounts_Monthly_Data-May2026.zip / Prod224_2605_14119199_20250531.html
GM SECURE LTD,15623450,07947 822002,mobile,48,78109 - Other activities of employment placement agencies; 80100 - Private security activities; 81210 - General cleaning of buildings,"OFFICE 6429 321-323 HIGH ROAD, CHADWELL HEATH, ROMFORD, ESSEX, RM6 6AX",https://www.gov.uk/check-a-private-security-licence,,"overture place 0b6dcf64-c798-4777-b576-2b4ee0ba622f ('GM Secure', RM6 6AX)","high (exact_postcode, score 100.0)",2026-04-30,Companies House accounts Accounts_Monthly_Data-June2026.zip / Prod224_2606_15623450_20260430.html
SUSSEX STAFFING LTD,09371289,07809 895401,mobile,40,78109 - Other activities of employment placement agencies,"21 WESTERN ROAD, BEXHILL-ON-SEA, TN40 1DU",http://www.sussexstaffing.co.uk/,,"overture place 06040d83-b1ea-474a-a534-7c943f7bf8bb ('Sussex Staffing Ltd', TN40 1DU)","high (exact_postcode, score 100.0)",2025-01-31,Companies House accounts Accounts_Monthly_Data-January2026.zip / Prod224_2601_09371289_20250131.html
FSI EUROPE LIMITED,06989334,01233 515115,landline,200,78109 - Other activities of employment placement agencies,"OFFICE G22 ASHFORD PANORAMA, PARK STREET, ASHFORD, TN24 8DF",https://www.fsi-europe.com,,company website https://www.fsi-europe.com/contact-us (UK number pattern in page text),high (website verified: company number on site),2025-06-30,Companies House accounts Accounts_Monthly_Data-March2026.zip / Prod224_2603_06989334_20250630.html
PETERS DEAN CARE LTD,10381308,01903 953400,landline,195,78109 - Other activities of employment placement agencies,"18-20 SOUTH STREET 18-20 SOUTH STREET, TARRING, WORTHING, BN14 7LH",http://www.petersdean.co.uk/,,"overture place d4608747-60f0-4366-9f49-01b279d7a616 ('Peters Dean Care Ltd', BN14 7LH)","high (exact_postcode, score 100.0)",2025-09-30,Companies House accounts Accounts_Monthly_Data-June2026.zip / Prod224_2606_10381308_20250930.html
KERRY COLLINS RECRUITMENT LIMITED,04660788,01922 720099,landline,194,78109 - Other activities of employment placement agencies,"GROUND FLOOR INTERNATIONAL HOUSE, 20 HATHERTON STREET, WALSALL, WEST MIDLANDS, WS4 2LA",http://www.kerrycollins.co.uk/,,"overture place ad268d16-2397-4abc-ab94-4a40aef09474 ('Kerry Collins Recruitment Ltd.', WS4 2LA)","high (exact_postcode, score 100.0)",2025-03-31,Companies House accounts Accounts_Monthly_Data-November2025.zip / Prod224_2511_04660788_20250331.html
PREMIER PEOPLE RECRUITMENT LTD,05021771,01895 808188,landline,182,78109 - Other activities of employment placement agencies,"54 OXFORD ROAD, DENHAM, UXBRIDGE, UB9 4DN",http://www.ppronline.co.uk/,,"overture place b1144b23-0364-46e2-b8d4-7dd9408f1d6a ('Premier People Recruitment', UB9 4DN)","high (exact_postcode, score 100.0)",2025-12-31,Companies House accounts Accounts_Monthly_Data-August2026.zip / Prod224_2608_05021771_20251231.html
JMD RECRUITMENT LIMITED,13654556,020 8176 1800,landline,176,78109 - Other activities of employment placement agencies,"DAVIDSON HOUSE COPTHORNE BANK, COPTHORNE, CRAWLEY, RH10 3QZ",https://www.cognitoforms.com/JMDRecruitment/RegistrationForm,,"overture place e395b5fc-8e2e-468b-b781-6a5d4b72abf7 ('JMD Recruitment Limited', RH12 1AG)","high (exact_area, score 100.0)",2025-09-30,Companies House accounts Accounts_Monthly_Data-June2026.zip / Prod224_2606_13654556_20250930.html
MEDSOLVE (UK) LIMITED,09390744,0191 338 5713,landline,172,78109 - Other activities of employment placement agencies,"172 FRONT STREET, CHESTER LE STREET, DH3 3AZ",http://www.medsolve.co.uk/,,"overture place 2322c1a2-b6c3-4b6e-9192-85315016e857 ('Medsolve (UK) Ltd.', DH3 3AZ)","high (exact_postcode, score 100.0)",2025-12-31,Companies House accounts Accounts_Monthly_Data-September2026.zip / Prod224_2609_09390744_20251231.html
ATLANTIC RESOURCE (SERVICES) LIMITED,08622351,029 2022 3302,landline,169,78109 - Other activities of employment placement agencies,"SUITE 21 15 NEPTUNE COURT, VANGUARD WAY, CARDIFF, CF24 5PJ",http://www.atlanticresource.co.uk/,,"overture place ca400999-fa52-4f2a-ad76-7eab23c88388 ('Atlantic Resource', CF24 5PJ)","high (exact_postcode, score 100.0)",2025-08-31,Companies House accounts Accounts_Monthly_Data-December2025.zip / Prod224_2512_08622351_20250831.html
AVISERV LIMITED,04380212,020 8759 5903,landline,165,50200 - Sea and coastal freight water transport; 78109 - Other activities of employment placement agencies,"27-37 AQUIS HOUSE,THE WINNING BOX, AVISERV LIMITED, OFFICE NO.22, 27-37 STATION ROAD, HAYES, MIDDLESEX, UB3 4DX",https://aviserv.co.uk/,,"overture place e72fbbe2-8e10-448e-9f9e-e7251e83fe7f ('Aviserv Ltd', UB3 4DX)","high (exact_postcode, score 100.0)",2025-03-31,Companies House accounts Accounts_Monthly_Data-December2025.zip / Prod224_2512_04380212_20250331.html
RISE TECHNICAL RECRUITMENT LIMITED,05490121,0117 910 7383,landline,162,78109 - Other activities of employment placement agencies; 78200 - Temporary employment agency activities,"33 COLSTON, COLSTON AVENUE, BRISTOL, BS1 4UA",http://www.risetechnical.co.uk,,"overture place 3985ceb2-f67b-4a83-9a05-68f6527a3ed9 ('Rise Technical Recruitment', BS1 4UA)","high (exact_postcode, score 100.0)",2025-06-30,Companies House accounts Accounts_Monthly_Data-March2026.zip / Prod224_2603_05490121_20250630.html
RAPID IMPROVEMENT LIMITED,06129256,020 8687 4416,landline,160,78109 - Other activities of employment placement agencies; 86900 - Other human health activities; 88990 - Other social work activities without accommodation n.e.c.,"34-38 UPPER GREEN EAST, MITCHAM, CR4 2PB",http://www.rapidimprovement.co.uk,,"overture place 52e42e22-e649-4983-8265-cb3042f66912 ('Rapid Improvement', CR4 4HA)","high (exact_district, score 100.0)",2025-03-31,Companies House accounts Accounts_Monthly_Data-December2025.zip / Prod224_2512_06129256_20250331.html
PROSPECTUS LIMITED,00877269,020 7691 1925,landline,159,73110 - Advertising agencies; 78109 - Other activities of employment placement agencies; 78200 - Temporary employment agency activities,"20-22 STUKELEY STREET, LONDON, WC2B 5LR",http://www.prospect-us.co.uk/,,"overture place f8c8212a-3671-42f2-95ff-0dab945544a9 ('Prospectus', WC2B 5LR)","high (exact_postcode, score 100.0)",2025-03-31,Companies House accounts Accounts_Monthly_Data-November2025.zip / Prod224_2511_00877269_20250331.html
SW GLOBAL RESOURCING LIMITED,SC112898,0141 557 6133,landline,154,78109 - Other activities of employment placement agencies,"270 PETERSHILL ROAD, GLASGOW, G21 4AY",http://www.sw-gr.com,,"overture place 7374b3b9-c817-43e2-b7ac-416fd82f2e02 ('S W Global Resourcing', G21 4AY)","high (fuzzy_area, score 97.6)",2025-07-31,Companies House accounts Accounts_Monthly_Data-April2026.zip / Prod224_2604_SC112898_20250731.html
ADKINS & CHEURFI RECRUITMENT LTD,10341993,0191 516 6118,landline,151,78109 - Other activities of employment placement agencies; 78200 - Temporary employment agency activities,"2ND FLOOR, BIC, WEARFIELD, SUNDERLAND, SR5 2TA",http://www.adkinscheurfi.co.uk/,,"overture place 8668e19d-0043-4036-a758-e32d3371e7c8 ('Adkins & Cheurfi Recruitment', SR5 2TA)","high (exact_postcode, score 100.0)",2025-03-30,Companies House accounts Accounts_Monthly_Data-December2025.zip / Prod224_2512_10341993_20250330.html
CHOICES CARE LTD,07750384,01733 572572,landline,151,78109 - Other activities of employment placement agencies,"4 SOUTHVIEW ROAD, PETERBOROUGH, CAMBRIDGESHIRE, PE4 6AG",http://www.choicescare.org/,,"overture place 87940bff-3588-43cf-9d87-5acdd00eebc7 ('Choices Care', PE4 6AG)","high (exact_postcode, score 100.0)",2025-08-31,Companies House accounts Accounts_Monthly_Data-May2026.zip / Prod224_2605_07750384_20250831.html
FALCON RECRUITMENT AND TRAINING LTD,07583670,0844 800 9812,landline (non-geographic),150,78109 - Other activities of employment placement agencies,"THE UNION BUILDING, 51-59 ROSE LANE, NORWICH, NORFOLK, NR1 1BY",http://www.falconrecruitmentandtraining.co.uk/,,"overture place be475aed-e50d-4041-8925-83578ca08669 ('Falcon Recruitment and Training', NR13 5BY)","high (exact_area, score 100.0)",2026-03-31,Companies House accounts Accounts_Monthly_Data-September2026.zip / Prod224_2609_07583670_20260331.html
KEY RECRUITMENT LIMITED,03967334,023 9275 1000,landline,145,78109 - Other activities of employment placement agencies; 78200 - Temporary employment agency activities,"6-7 CUMBERLAND BUSINESS PARK, CUMBERLAND ROAD, PORTSMOUTH, PO5 1AG",http://www.keyrecruitment.net/,,"overture place d4b5e2d6-17c2-49fd-a006-23a0c3155bf3 ('Key Recruitment Ltd.', PO5 1AG)","high (exact_postcode, score 100.0)",2025-03-31,Companies House accounts Accounts_Monthly_Data-December2025.zip / Prod224_2512_03967334_20250331.html
TRIAGE CENTRAL LIMITED,SC186908,01786 451513,landline,145,78109 - Other activities of employment placement agencies,"EARLSGATE HOUSE, 35 ST. NINIANS ROAD, STIRLING, FK8 2HE",https://triage.net,,company website https://triage.net/ (UK number pattern in page text),high (website verified: company number on site),2025-03-31,Companies House accounts Accounts_Monthly_Data-December2025.zip / Prod224_2512_SC186908_20250331.html
SUPPLY TREE RECRUITMENT LTD,12063511,01202 818300,landline,141,78109 - Other activities of employment placement agencies,"ARROWSMITH COURT, STATION APPROACH, BROADSTONE, DORSET, BH18 8AT",https://www.supplytree.co.uk,,company website https://www.supplytree.co.uk/contact (tel: link),high (website verified: company number on site),2025-06-30,Companies House accounts Accounts_Monthly_Data-June2026.zip / Prod224_2606_12063511_20250630.html
CAVENDISH PROFESSIONALS LTD,11568350,020 3008 5212,landline,140,78109 - Other activities of employment placement agencies,"16 ST. JOHN'S LANE, LONDON, EC1M 4BS",http://www.cavendishprofessionals.com/,,"overture place eda0658d-db8e-40d1-9104-affa08dbbaa7 ('Cavendish Professionals', EC1M 4BS)","high (exact_postcode, score 100.0)",2024-09-30,Companies House accounts Accounts_Monthly_Data-December2025.zip / Prod224_2512_11568350_20240930.html
UNITY PLUS HEALTHCARE LIMITED,12232912,0330 127 1848,landline (non-geographic),138,78109 - Other activities of employment placement agencies; 86102 - Medical nursing home activities; 86900 - Other human health activities; 88100 - Social work activities without accommodation for the elderly and disabled,"SUITE G4, 102 KIRKSTALL ROAD, LEEDS, LS3 1JA",http://www.unityplus.co.uk/,,"overture place c1ce53cb-a264-4dc6-b146-4dcb898674b9 ('Unity Plus Healthcare', LS3 1JA)","high (exact_postcode, score 100.0)",2025-12-31,Companies House accounts Accounts_Monthly_Data-September2026.zip / Prod224_2609_12232912_20251231.html
OUTSOURCE UK LIMITED,02609884,01793 430021,landline,137,78109 - Other activities of employment placement agencies; 78200 - Temporary employment agency activities,"FIRST FLOOR CLIFTON DOWN HOUSE, 54A WHITELADIES ROAD, CLIFTON, BRISTOL, BS8 2NH",https://www.outsource-uk.co.uk,,company website https://www.outsource-uk.co.uk/ (tel: link),high (website verified: company number on site),2024-05-31,Companies House accounts Accounts_Monthly_Data-February2025.zip / Prod224_3600_02609884_20240531.html
ACE STAFF LTD,13752705,01622 809680,landline,136,78109 - Other activities of employment placement agencies; 78200 - Temporary employment agency activities,"GROUND FLOOR 005 KNIGHTRIDER HOUSE, KNIGHTRIDER STREET, MAIDSTONE, KENT, ME15 6LU",http://www.acestaff.co.uk/,,"overture place e774bf77-6393-45cf-af1b-d057d3490ffe ('Ace Staff Ltd', ME15 6LU)","high (exact_postcode, score 100.0)",2025-11-30,Companies House accounts Accounts_Monthly_Data-March2026.zip / Prod224_2603_13752705_20251130.html
SUPPLYGO LTD,12615257,0115 855 0232,landline,132,78109 - Other activities of employment placement agencies,"SUITE 7B PORTMILL HOUSE, PORTMILL LANE, HITCHIN, HERTFORDSHIRE, SG5 1DJ",https://www.supplygo.co.uk,,company website https://www.supplygo.co.uk/ (tel: link),high (website verified: company number on site),2025-12-31,Companies House accounts Accounts_Monthly_Data-May2026.zip / Prod224_2605_12615257_20251231.html
STAFF 86 LIMITED,13533843,01244 633386,landline,129,78109 - Other activities of employment placement agencies; 78200 - Temporary employment agency activities,"THE OFFICE FFORDD PENTRE BACH, NERCWYS, MOLD, FLINTSHIRE, CH7 4EG",http://www.staff86.com/,,"overture place 02a2b0e0-e803-49a1-9093-2afe9a45c2f3 ('Staff 86', CH1 2NX)","high (exact_area, score 100.0)",2026-03-31,Companies House accounts Accounts_Monthly_Data-July2026.zip / Prod224_2607_13533843_20260331.html
CATERMATCH SOLUTIONS LTD,05984498,0161 359 3232,landline,126,78109 - Other activities of employment placement agencies,"53 KING STREET, MANCHESTER, M2 4LQ",http://www.catermatch.co.uk,,"overture place c2d4fc9d-fd8f-40d5-9094-cbe234a68818 ('Catermatch Solutions', M2 4LQ)","high (exact_postcode, score 100.0)",2026-03-31,Companies House accounts Accounts_Monthly_Data-June2026.zip / Prod224_2606_05984498_20260331.html
JJFOX LIMITED,05015384,0345 065 5370,landline (non-geographic),125,78109 - Other activities of employment placement agencies,"BRISTOL NORTH BATHS GLOUCESTER ROAD, BISHOPSTON, BRISTOL, BS7 8BN",https://jjfox.com,,company website https://jjfox.com/ (tel: link),high (website verified: company number on site),2025-12-31,Companies House accounts Accounts_Monthly_Data-September2026.zip / Prod224_2609_05015384_20251231.html
SUPREME EMPLOYEES SOLUTION LIMITED,08747646,020 3632 4402,landline,124,78109 - Other activities of employment placement agencies; 78200 - Temporary employment agency activities; 78300 - Human resources provision and management of human resources functions,"48 PLUMSTEAD HIGH STREET, LONDON, SE18 1SL",http://www.supremeemployees.co.uk/,,"overture place d7c0701b-4a2f-4f82-b53c-03f3c2340db6 ('Supreme Employees Solution', SE 186)","high (exact_area, score 100.0)",2024-10-31,Companies House accounts Accounts_Monthly_Data-October2025.zip / Prod224_2510_08747646_20241031.html
ELEVATION RECRUITMENT LIMITED,07095603,01709 723248,landline,121,78109 - Other activities of employment placement agencies,"THE HERIOT BUILDING, DODDS CLOSE, ROTHERHAM, S60 1BX",https://www.elevationrecruitmentgroup.com/,,"overture place 291ef40d-28e3-4148-960d-7c5e12f88cb8 ('Elevation Recruitment Group', S60 1BX)","high (exact_postcode, score 100.0)",2024-12-31,Companies House accounts Accounts_Monthly_Data-March2025.zip / Prod224_2503_07095603_20241231.html
HONEYCOMB JOBS LIMITED,NI642856,028 9620 7050,landline,121,78109 - Other activities of employment placement agencies; 78200 - Temporary employment agency activities,"5TH FLOOR, 32-38, LINENHALL STREET, BELFAST, COUNTY ANTRIM, BT2 8BG",https://www.honeycomb.jobs/,,"overture place 5610c89a-5d1c-45c7-8bdc-c4a8c0cbf68d ('Honeycomb Jobs', BT2 8BG)","high (exact_postcode, score 100.0)",2024-12-31,Companies House accounts Accounts_Monthly_Data-September2025.zip / Prod224_2509_NI642856_20241231.html
THE ONE GROUP LTD,05060925,01733 234000,landline,118,78109 - Other activities of employment placement agencies,"5 AXON BUSINESS PARK COMMERCE ROAD, LYNCH WOOD, PETERBOROUGH, PE2 6LR",http://www.theonegroup.co.uk/,,"overture place ff075936-f753-4646-82e9-323cd48f3486 ('The One Group Ltd.', PE2 6LR)","high (exact_postcode, score 100.0)",2025-12-31,Companies House accounts Accounts_Monthly_Data-July2026.zip / Prod224_2607_05060925_20251231.html
WORK LYF GROUP LIMITED,10936117,01782 906908,landline,118,78109 - Other activities of employment placement agencies; 78200 - Temporary employment agency activities,"TRENT HOUSE, 234 VICTORIA ROAD, STOKE-ON-TRENT, ST4 2LW",https://www.worklyf.co.uk/,,"overture place d34067e6-76ed-48ee-9a5e-785f032135aa ('Work Lyf Group Limited', ST4 2LW)","high (exact_postcode, score 100.0)",2025-10-31,Companies House accounts Accounts_Monthly_Data-April2026.zip / Prod224_2604_10936117_20251031.html
EASY HANDS INTERNATIONAL LTD,11175193,0800 023 5032,landline (non-geographic),117,56103 - Take-away food shops and mobile food stands; 56302 - Public houses and bars; 78109 - Other activities of employment placement agencies; 78200 - Temporary employment agency activities,"CENTRAL HOUSE 1 BALLARDS LANE, FINCHLEY, LONDON, N3 1LQ",http://www.easyhands.co.uk/,,"overture place 27daf456-21e9-4dde-9008-9020e601d0fd ('Easy Hands International Ltd.', N3 1UX)","high (exact_district, score 100.0)",2025-01-31,Companies House accounts Accounts_Monthly_Data-July2025.zip / Prod224_2507_11175193_20250131.html
F&P HEALTHCARE LTD,14477067,0113 403 2773,landline,117,78109 - Other activities of employment placement agencies; 85590 - Other education n.e.c.; 86900 - Other human health activities; 88990 - Other social work activities without accommodation n.e.c.,"NO1 WHITEHALL RIVERSIDE, 1 WHITEHALL RIVERSIDE, LEEDS, LS1 4BN",https://www.fandphealthcare.com,,company website https://www.fandphealthcare.com/contact (tel: link),high (website verified: company number on site),2025-11-30,Companies House accounts Accounts_Monthly_Data-August2026.zip / Prod224_2608_14477067_20251130.html
ACTIVE STAFF LIMITED,04035544,01264 363714,landline,116,78109 - Other activities of employment placement agencies; 78200 - Temporary employment agency activities,"25A HIGH STREET, ANDOVER, HAMPSHIRE, SP10 1LJ",http://www.active-staff.co.uk/,,"overture place ffc0cd8f-267a-42b9-8faa-25a772c28777 ('Active Staff Ltd', SP10 1LJ)","high (exact_postcode, score 100.0)",2025-10-31,Companies House accounts Accounts_Monthly_Data-July2026.zip / Prod224_2607_04035544_20251031.html
MORGAN HUNT UK LIMITED,04349535,020 7419 8900,landline,116,78109 - Other activities of employment placement agencies,"3RD FLOOR STANDON HOUSE, 21 MANSELL STREET, LONDON, E1 8AA",https://www.morganhunt.com/,,"overture place 3d2d49e4-3987-420b-927a-f7fcc5683883 ('Morgan Hunt', E1 8AA)","high (exact_postcode, score 100.0)",2025-03-31,Companies House accounts Accounts_Monthly_Data-July2025.zip / Prod224_2507_04349535_20250331.html
JUST PROTECT IT LIMITED,13839365,020 8500 4584,landline,115,68209 - Other letting and operating of own or leased real estate; 78109 - Other activities of employment placement agencies; 80100 - Private security activities; 81210 - General cleaning of buildings,"BROADWAY CHAMBERS FIRST FLOOR 1, CRANBROOK ROAD, ILFORD, IG1 4DU",https://justprotectit.net/,,"overture place 2fdc327f-1bf7-4703-93d7-0ccba0016454 ('Just Protect IT Ltd', IG7 5HA)","high (exact_area, score 100.0)",2026-05-31,Companies House accounts Accounts_Monthly_Data-June2026.zip / Prod224_2606_13839365_20260531.html
BUSY BEE RECRUITMENT LIMITED,10662372,01353 880253,landline,108,78109 - Other activities of employment placement agencies; 78200 - Temporary employment agency activities,"7B REGAL LANE, SOHAM, ELY, CAMBRIDGESHIRE, CB7 5EA",http://www.busybeerecruitment.co.uk/,,"overture place 05da4648-9665-405b-a1a5-dfe1e40f2ce8 ('Busy Bee Recruitment Ltd.', CB7 5BA)","high (exact_district, score 100.0)",2025-03-31,Companies House accounts Accounts_Monthly_Data-September2025.zip / Prod224_2509_10662372_20250331.html
TRUST CARE STAFF & TRAINING LTD,SC515107,0131 539 9339,landline,107,78109 - Other activities of employment placement agencies,"Q COURT, 3 QUALITY STREET, EDINBURGH, EH4 5BP",http://www.trust-care.co.uk/,,"overture place d768fd6e-e191-447a-8cde-cd868f492bf7 ('Trust-Care Staff & Training', EH6 6BZ)","high (exact_area, score 100.0)",2025-12-31,Companies House accounts Accounts_Monthly_Data-August2026.zip / Prod224_2608_SC515107_20251231.html
QISTAFF SOLUTIONS LIMITED,08817603,01745 369960,landline,106,78109 - Other activities of employment placement agencies,"29A RUSSELL ROAD, RHYL, DENBIGHSHIRE, LL18 3BS",http://www.qistaff.co.uk/,,"overture place f34baf88-2ddc-435c-8dae-bbeead7ed112 ('QiStaff Solutions', LL18 3BS)","high (exact_postcode, score 100.0)",2024-12-31,Companies House accounts Accounts_Monthly_Data-September2025.zip / Prod224_2509_08817603_20241231.html
CMA FINANCIAL RECRUITMENT LIMITED,05738121,023 8063 8046,landline,105,78109 - Other activities of employment placement agencies; 78200 - Temporary employment agency activities,"MERIDIANS HOUSE, 7 OCEAN WAY, SOUTHAMPTON, HAMPSHIRE, SO14 3TJ",http://www.financialtemps.co.uk/index.htm,,"overture place cc574959-59a7-4d62-94a9-f8f91c8b0eff ('CMA Financial Recruitment', SO15 2AB)","high (exact_area, score 100.0)",2025-12-31,Companies House accounts Accounts_Monthly_Data-September2026.zip / Prod224_2609_05738121_20251231.html
SOUTH WEST RECRUITMENT LIMITED,03579839,01202 292907,landline,105,78109 - Other activities of employment placement agencies,"3 GROVE ROAD, WREXHAM, LL11 1DY",https://www.swr.uk.net,,company website https://www.swr.uk.net/contact (tel: link),high (website verified: company number on site),2025-06-30,Companies House accounts Accounts_Monthly_Data-June2026.zip / Prod224_2606_03579839_20250630.html
JUICE RECRUITMENT LTD,03536516,01225 447870,landline,103,78109 - Other activities of employment placement agencies,"12 MILES'S BUILDINGS, BATH, BANES, BA1 2QS",http://www.juicerecruitment.com/,,"overture place db151a06-b0c1-4ade-ac41-3c93ed5c49ee ('Juice Recruitment Ltd.', BA1 2QS)","high (exact_postcode, score 100.0)",2024-12-31,Companies House accounts Accounts_Monthly_Data-September2025.zip / Prod224_2509_03536516_20241231.html
SMART PEOPLE UK LIMITED,05701092,01472 250888,landline,103,78109 - Other activities of employment placement agencies,"HAMPTON HOUSE, CHURCH LANE, GRIMSBY, N E LINCOLNSHIRE, DN31 1JR",http://www.smart-peopleuk.com,,"overture place 8fb49d93-0ccf-43c6-a644-b59ea567a77b ('Smart People UK', DN31 1JR)","high (exact_postcode, score 100.0)",2025-02-28,Companies House accounts Accounts_Monthly_Data-February2026.zip / Prod224_2602_05701092_20250228.html
SUSSEX TEACHERS LIMITED,08608637,01273 626800,landline,103,78109 - Other activities of employment placement agencies,"2 UPPERTON GARDENS, EASTBOURNE, EAST SUSSEX, BN21 2AH",https://www.sussexteachers.co.uk,,"company website https://www.sussexteachers.co.uk/ (JSON-LD ""telephone"")",high (website verified: company number on site),2025-07-31,Companies House accounts Accounts_Monthly_Data-March2026.zip / Prod224_2603_08608637_20250731.html
PURE EDUCATION LIMITED,06043818,020 3871 2010,landline,102,78109 - Other activities of employment placement agencies,"71-75 SHELTON STREET, COVENT GARDEN, LONDON, WC2H 9JQ",https://pureeducation.co.uk,,company website https://pureeducation.co.uk/contact (tel: link),high (website verified: registered name + postcode on site),2026-01-31,Companies House accounts Accounts_Monthly_Data-September2026.zip / Prod224_2609_06043818_20260131.html
NXT RECRUITMENT LTD,08854010,01228 812585,landline,100,78109 - Other activities of employment placement agencies; 78200 - Temporary employment agency activities,"MODVILLAGE MODVILAGE UNIT A1, BARON WAY, KINGMOOR BUSINESS PARK, CARLISLE, CUMBRIA, CA6 4BU",https://www.nxtrecruitment.co.uk/,,"overture place dcf119a9-e942-4da1-9c14-6b8d0a8c8967 ('NXT Recruitment', CA6 4BU)","high (exact_postcode, score 100.0)",2025-01-31,Companies House accounts Accounts_Monthly_Data-October2025.zip / Prod224_2510_08854010_20250131.html
LANCASHIRE CARE SERVICES LTD,09874325,01282 786055,landline,98,78109 - Other activities of employment placement agencies,"132 COLNE ROAD, BURNLEY, LANCASHIRE, BB10 1DT",,,"overture place f468bb0c-d1bb-4878-a61c-f41b8113ed09 ('Lancashire Care Services', BB10 1DT)","high (exact_postcode, score 100.0)",2025-11-30,Companies House accounts Accounts_Monthly_Data-August2026.zip / Prod224_2608_09874325_20251130.html
ADORE RECRUITMENT LTD,08813416,01634 475111,landline,98,78109 - Other activities of employment placement agencies; 78200 - Temporary employment agency activities; 78300 - Human resources provision and management of human resources functions,"255 GREEN LANES, LONDON, N13 4XE",https://adore-recruitment.co.uk,,company website https://adore-recruitment.co.uk/contact (tel: link),high (website verified: company number on site),2025-03-31,Companies House accounts Accounts_Monthly_Data-December2025.zip / Prod224_2512_08813416_20250331.html
NEXT VENTURES LIMITED,04091619,020 7549 4030,landline,96,62020 - Information technology consultancy activities; 78109 - Other activities of employment placement agencies,"7TH FLOOR, 140 ALDERSGATE STREET, LONDON, EC1A 4HY",,,"overture place 98a692c7-7ab9-42c9-bd61-ed40f45d30f9 ('Next Ventures Ltd.', EC1A 4HY)","high (exact_postcode, score 100.0)",2025-12-31,Companies House accounts Accounts_Monthly_Data-September2026.zip / Prod224_2609_04091619_20251231.html
KMV RECRUITMENT LTD,08361895,01642 244609,landline,94,78109 - Other activities of employment placement agencies,"201 VANGUARD BROADCASTING SUITE, NEWPORT ROAD, MIDDLESBROUGH, CLEVELAND, TS1 5JA",http://www.kmvrecruitment.co.uk,,"overture place 00b7c8f6-76d9-49b1-8b50-64ca8026e7e2 ('KMV Recruitment', TS1 5JA)","high (exact_postcode, score 100.0)",2026-01-31,Companies House accounts Accounts_Monthly_Data-September2026.zip / Prod224_2609_08361895_20260131.html
MEDICAL RESOURCE PARTNERS LIMITED,12035848,020 3432 2343,landline,94,78109 - Other activities of employment placement agencies,"167-169 GREAT PORTLAND STREET, FIFTH FLOOR, LONDON, W1W 5PF",,,"overture place 9a2e0318-126c-498d-97ec-af2cc776c447 ('Medical Resource Partners', W1W 7LT)","high (exact_district, score 100.0)",2025-06-30,Companies House accounts Accounts_Monthly_Data-March2026.zip / Prod224_2603_12035848_20250630.html
STRATIV GROUP LTD,11247990,0113 360 4683,landline,89,78109 - Other activities of employment placement agencies,"SOVEREIGN HOUSE, 1-2 SOUTH PARADE, LEEDS, LS1 5QL",https://www.strativgroup.com,,company website https://www.strativgroup.com/contact (tel: link),high (website verified: company number on site),2024-12-31,Companies House accounts Accounts_Monthly_Data-February2026.zip / Prod224_2602_11247990_20241231.html
GSR NURSING LTD,SC542049,01224 937793,landline,87,78109 - Other activities of employment placement agencies; 78200 - Temporary employment agency activities,"3 EAST NORTH STREET, ABERDEEN, AB24 5HT",,,"overture place cceec255-c1ec-4078-9ccc-3ca023ca0c73 ('GSR Nursing', AB24 5HT)","high (exact_postcode, score 100.0)",2025-08-31,Companies House accounts Accounts_Monthly_Data-August2026.zip / Prod224_2608_SC542049_20250831.html
DARTMOUTH PARTNERS LTD,05974472,020 3696 0700,landline,86,78109 - Other activities of employment placement agencies,"125 LONDON WALL, LONDON, EC2Y 5AS",http://www.dartmouthpartners.com/,,"overture place cbc4e76e-09dc-464d-b4db-ba5fdfd2a90d ('Dartmouth Partners', EC2Y 5AS)","high (exact_postcode, score 100.0)",2025-12-31,Companies House accounts Accounts_Monthly_Data-August2026.zip / Prod224_2608_05974472_20251231.html
MINIMAL RISK CONSULTANCY LIMITED,04939593,01432 379950,landline,86,78109 - Other activities of employment placement agencies; 80100 - Private security activities,"SKYLON COURT, ROTHERWAS, HEREFORD, HR2 6JS",http://www.minimalrisk.co.uk/,,"overture place 9bdf038d-8be6-4d36-8a89-72e8b77a5bc8 ('Minimal Risk Consultancy Ltd.', HR2 6FE)","high (exact_district, score 100.0)",2025-02-28,Companies House accounts Accounts_Monthly_Data-October2025.zip / Prod224_2510_04939593_20250228.html
THE OYSTER PARTNERSHIP LIMITED,05020374,020 7766 9000,landline,86,78109 - Other activities of employment placement agencies; 78200 - Temporary employment agency activities,"19-20 BERNERS STREET, BISCHHEIM HOUSE, LONDON, W1T 3NW",http://www.oysterpartnership.com/,,"overture place 1529e4b4-4e95-40aa-913e-3ec52d593b9b ('Oyster Partnership', W1K 7DA)","high (exact_area, score 100.0)",2025-03-31,Companies House accounts Accounts_Monthly_Data-December2025.zip / Prod224_2512_05020374_20250331.html
FAST REC LTD,13602183,0114 551 9988,landline,86,78109 - Other activities of employment placement agencies,"61 BRIDGE STREET, KINGTON, HR5 3DJ",https://www.fastrec.co.uk,,company website https://www.fastrec.co.uk/ (tel: link),high (website verified: company number on site),2025-09-30,Companies House accounts Accounts_Monthly_Data-June2026.zip / Prod224_2606_13602183_20250930.html
1ST CALL HEALTHCARE LTD,07364535,01924 403603,landline,85,78109 - Other activities of employment placement agencies,"20 REGENT STREET, HECKMONDWIKE, WF16 0HD",http://www.firstcallhealthcare.co.uk/,,"overture place a10790e5-74f9-4ae0-aab3-423cec5423e5 ('1st Call Healthcare', WF16 0HD)","high (exact_postcode, score 100.0)",2025-12-30,Companies House accounts Accounts_Monthly_Data-September2026.zip / Prod224_2609_07364535_20251230.html
EVERYTHING CHILDCARE AGENCY LIMITED,07495979,0118 437 2742,landline,85,78109 - Other activities of employment placement agencies; 78200 - Temporary employment agency activities,"SANDERSON BUSINESS CENTRE THE SANDERSON CENTRE, LEES LANE, GOSPORT, HAMPSHIRE, PO12 3UL",http://www.everythingchildcareagency.co.uk/,,"overture place 3bb3aa12-7db1-4930-9e29-e3c1cdaa05c3 ('Everything Childcare Agency', PO12 3UL)","high (exact_postcode, score 100.0)",2025-12-31,Companies House accounts Accounts_Monthly_Data-September2026.zip / Prod224_2609_07495979_20251231.html
AMBIENCE CARE LIMITED,10139214,0333 880 6881,landline (non-geographic),85,78109 - Other activities of employment placement agencies,"REGAL COURT BUSINESS CENTER 42-44, HIGH STREET, SLOUGH, BERKSHIRE, SL1 1EL",https://www.ambiencecare.co.uk,,company website https://www.ambiencecare.co.uk/contact-us (tel: link),high (website verified: company number on site),2025-03-31,Companies House accounts Accounts_Monthly_Data-February2026.zip / Prod224_2602_10139214_20250331.html
EXCLUSIVE SECURE CARE SERVICES LIMITED,07770653,0843 523 6264,landline (non-geographic),84,78109 - Other activities of employment placement agencies; 80200 - Security systems service activities; 86900 - Other human health activities,"4 MIDLAND COURT, MIDLAND WAY, BARLBOROUGH, CHESTERFIELD, S43 4UL",https://www.securecareservices.co.uk/,,"overture place 7d81df3e-c404-4ee1-ba97-309bd050409e ('Exclusive Secure Care Services', S43 4UL)","high (exact_postcode, score 100.0)",2025-03-31,Companies House accounts Accounts_Monthly_Data-December2025.zip / Prod224_2512_07770653_20250331.html
FOXES RECRUITMENT LIMITED,11877158,0116 366 9006,landline,84,78109 - Other activities of employment placement agencies; 78200 - Temporary employment agency activities,"UNIT W4 WINCHESTER AVENUE, BLABY, LEICESTER, LEICESTERSHIRE, LE8 4GZ",https://foxesrecruitment.co.uk,,company website https://foxesrecruitment.co.uk/contact (tel: link),high (website verified: company number on site),2025-03-31,Companies House accounts Accounts_Monthly_Data-December2025.zip / Prod224_2512_11877158_20250331.html
ASK CARE LIMITED,05656634,020 8554 7766,landline,83,78109 - Other activities of employment placement agencies; 85410 - Post-secondary non-tertiary education; 86900 - Other human health activities; 88100 - Social work activities without accommodation for the elderly and disabled,"40 ARGYLE ROAD, ILFORD, ESSEX, IG1 3BG",https://ask-care.com/,,"overture place 6bb50512-3b10-4c2a-9291-5e5b7e25d40f ('ASK Care Ltd.', IG1 3BG)","high (exact_postcode, score 100.0)",2025-12-31,Companies House accounts Accounts_Monthly_Data-August2026.zip / Prod224_2608_05656634_20251231.html
HUGHES DRIVER TRAINING LIMITED,04948484,0116 266 4224,landline,81,78109 - Other activities of employment placement agencies; 85530 - Driving school activities,"284 GIPSY LANE, LEICESTER, LEICESTERSHIRE, LE4 9BX",http://www.hughesdrivertraining.co.uk/,,"overture place 37556d6e-1a22-4fda-ba69-6193875323aa ('Hughes Driver Training', LE4 9BX)","high (exact_postcode, score 100.0)",2025-10-31,Companies House accounts Accounts_Monthly_Data-July2026.zip / Prod224_2607_04948484_20251031.html
ORIGIN PAYROLL LIMITED,13131742,01302 989025,landline,81,78109 - Other activities of employment placement agencies,"8 BRUNEL GATE, HARWORTH, DONCASTER, DN11 8QB",https://originpayroll.co.uk,,company website https://originpayroll.co.uk/contact (UK number pattern in page text),high (website verified: company number on site),2025-12-31,Companies House accounts Accounts_Monthly_Data-September2026.zip / Prod224_2609_13131742_20251231.html
ONE STEP RECRUITMENT LTD,08269915,01823 250025,landline,80,78109 - Other activities of employment placement agencies,"FIRST FLOOR BLACKBROOK GATE 1, BLACKBROOK BUSINESS PARK, TAUNTON, SOMERSET, TA1 2PX",http://www.onesteprecruitment.co.uk,,"overture place 86117bac-2f02-46b8-8d30-682c3ef15e51 ('One Step Recruitment', TA1 4AS)","high (exact_district, score 100.0)",2025-03-31,Companies House accounts Accounts_Monthly_Data-December2025.zip / Prod224_2512_08269915_20250331.html
JCW SEARCH LIMITED,06072193,020 3589 9300,landline,78,78109 - Other activities of employment placement agencies,"2 PEAR TREE COURT 2 PEAR TREE COURT, 2ND FLOOR, LONDON, EC1R 0DS",http://www.jcwresourcing.com,,"overture place 04c8b920-2f94-4e6f-b7ea-d0f4b1d805cb ('JCW Search', EC2M 1RX)","high (exact_area, score 100.0)",2023-12-31,Companies House accounts Accounts_Monthly_Data-October2024.zip / Prod224_3000_06072193_20231231.html
RECRUCIAL STAFFING LTD,13723054,01638 394420,landline,78,78109 - Other activities of employment placement agencies; 78200 - Temporary employment agency activities,"SUITE A 82 JAMES CARTER ROAD, MILDENHALL, BURY ST. EDMUNDS, SUFFOLK, IP28 7DE",http://www.recrucialstaffing.com/,,"overture place 3a5c5cd0-868e-4d01-87b8-139b29ea2aae ('Recrucial Staffing Ltd', IP28 7DE)","high (exact_postcode, score 100.0)",2024-11-30,Companies House accounts Accounts_Monthly_Data-August2025.zip / Prod224_2508_13723054_20241130.html
SKYHAVEN HEALTHCARE SERVICES LTD,14302271,01204 860181,landline,78,78109 - Other activities of employment placement agencies; 78200 - Temporary employment agency activities,"6TH & 7TH FLOOR, 120 BARK STREET, BOLTON, BL1 2AX",https://skyhavenhealthcare.com,,company website https://skyhavenhealthcare.com/contact (tel: link),high (website verified: company number on site),2024-08-31,Companies House accounts Accounts_Monthly_Data-October2024.zip / Prod224_3000_14302271_20240831.html
ETEACH UK LIMITED,03841479,0845 226 1906,landline (non-geographic),77,78109 - Other activities of employment placement agencies; 78200 - Temporary employment agency activities,"1 ARLINGTON SQUARE, DOWNSHIRE WAY, BRACKNELL, RG12 1WA",http://www.eteach.com,,"overture place 9d0d5c60-f62a-4499-bd96-61d30abd0876 ('Eteach', RG12 1WA)","high (exact_postcode, score 100.0)",2023-10-31,Companies House accounts Accounts_Monthly_Data-November2024.zip / Prod224_3100_03841479_20231031.html
TASKMASTER RESOURCES LIMITED,03289148,01302 304907,landline,77,78109 - Other activities of employment placement agencies,"8 LEODIS COURT, DAVID STREET, LEEDS 8 LEODIS COURT, DAVID STREET, LEEDS, LS11 5JJ",https://www.tmrec.com,,company website https://www.tmrec.com/contact (tel: link),high (website verified: company number on site),2025-03-31,Companies House accounts Accounts_Monthly_Data-May2026.zip / Prod224_2605_03289148_20250331.html
FASTSTREAM RECRUITMENT LIMITED,03708452,023 8033 4444,landline,76,78109 - Other activities of employment placement agencies; 78200 - Temporary employment agency activities,"WATERSIDE PLACE, 5 TOWN QUAY, SOUTHAMPTON, SO14 2AQ",http://faststream.com/,,"overture place 5f4d10ea-57e1-4080-9707-6595847592af ('Faststream Recruitment', SO14 2AQ)","high (exact_postcode, score 100.0)",2025-03-31,Companies House accounts Accounts_Monthly_Data-November2025.zip / Prod224_2511_03708452_20250331.html
JADE RECRUITMENT LIMITED,06501392,01306 876035,landline,76,78109 - Other activities of employment placement agencies; 78200 - Temporary employment agency activities,"REIGATE BUSINESS CENTRE REIGATE BUSINESS CENTRE, SUITE 7, 7 - 11 HIGH STREET, REIGATE, SURREY, RH2 9AA",http://www.jaderecruitment.net/,,"overture place b098b9a1-859d-470b-aa2e-318341bd1c24 ('Jade Recruitment', RH2 9AA)","high (exact_postcode, score 100.0)",2026-03-31,Companies House accounts Accounts_Monthly_Data-June2026.zip / Prod224_2606_06501392_20260331.html
ANYTIME RECRUITMENT LIMITED,05689154,01708 732713,landline,75,78109 - Other activities of employment placement agencies; 88100 - Social work activities without accommodation for the elderly and disabled,"10 WESTERN ROAD, ROMFORD, ESSEX, RM1 3JT",http://www.anytimerecruitment.co.uk,,"overture place e6f9405f-22c1-46af-838d-214db5939592 ('Anytime Recruitment', RM1 3NH)","high (exact_district, score 100.0)",2025-01-31,Companies House accounts Accounts_Monthly_Data-October2025.zip / Prod224_2510_05689154_20250131.html
THE FLAME LILY HEALTHCARE LTD,07073351,0333 456 0120,landline (non-geographic),75,"62090 - Other information technology service activities; 78109 - Other activities of employment placement agencies; 87200 - Residential care activities for learning difficulties, mental health and substance abuse; 87900 - Other residential care activities n.e.c.","144 PENN ROAD, WEST MIDLANDS, WOLVERHAMPTON, WV3 0EE",http://www.theflamelily.co.uk/,,"overture place edae426d-9432-4584-adba-d09e87d88f73 ('The Flame Lily Healthcare', WV3 0EE)","high (exact_postcode, score 100.0)",2025-01-31,Companies House accounts Accounts_Monthly_Data-October2025.zip / Prod224_2510_07073351_20250131.html
CLASS EDUCATION LIMITED,08501680,01462 659913,landline,75,78109 - Other activities of employment placement agencies,"BUILDING 18, GATEWAY 1000 WHITTLE WAY, ARLINGTON BUSINESS PARK, STEVENAGE, HERTFORDSHIRE, SG1 2FP",https://www.classeducation.co.uk,,company website https://www.classeducation.co.uk/ (tel: link),high (website verified: company number on site),2025-04-30,Companies House accounts Accounts_Monthly_Data-April2026.zip / Prod224_2604_08501680_20250430.html
MORGAN SPENCER LIMITED,04254114,020 7680 7000,landline,75,78109 - Other activities of employment placement agencies; 78200 - Temporary employment agency activities,"NEXUS HOUSE, 2 CRAY ROAD, SIDCUP, KENT, DA14 5DA",https://www.morganspencer.co.uk,,company website https://www.morganspencer.co.uk/ (tel: link),high (website verified: company number on site),2025-08-31,Companies House accounts Accounts_Monthly_Data-May2026.zip / Prod224_2605_04254114_20250831.html
RAMSDEN RECRUITMENT LIMITED,09105214,01245 330705,landline,75,78109 - Other activities of employment placement agencies,"4 CAPRICORN CENTRE, CRANES FARM ROAD, BASILDON, ESSEX, SS14 3JJ",https://www.ramsdenrecruitment.co.uk,,company website https://www.ramsdenrecruitment.co.uk/contact (tel: link),high (website verified: company number on site),2025-06-30,Companies House accounts Accounts_Monthly_Data-October2025.zip / Prod224_2510_09105214_20250630.html
MACILDOWIE ASSOCIATES LIMITED,03358898,0115 947 0200,landline,74,78109 - Other activities of employment placement agencies; 78200 - Temporary employment agency activities,"WATERFRONT HOUSE, STATION STREET, NOTTINGHAM, NG2 3DQ",http://www.macildowie.com/,,"overture place 615b072a-829e-48a7-b7d3-026c5238c5a1 ('Macildowie Associates', NG2 3DQ)","high (exact_postcode, score 100.0)",2025-04-30,Companies House accounts Accounts_Monthly_Data-June2026.zip / Prod224_2606_03358898_20250430.html
THE FISER GROUP LIMITED,07102496,020 3145 3333,landline,74,62020 - Information technology consultancy activities; 70229 - Management consultancy activities other than financial management; 78109 - Other activities of employment placement agencies; 78200 - Temporary employment agency activities,"128 CITY ROAD, LONDON, GREATER LONDON, EC1V 2NX",https://thefisergroup.com/,,"overture place bf4c5f59-f436-4a04-a9a9-6520b65bb3ce ('The FISER Group Ltd.', EC2R 8EJ)","high (exact_area, score 100.0)",2025-12-31,Companies House accounts Accounts_Monthly_Data-September2026.zip / Prod224_2609_07102496_20251231.html
ELITE PERSONNEL LIMITED,02919148,0121 354 6684,landline,72,78109 - Other activities of employment placement agencies; 78200 - Temporary employment agency activities,"14A BOLDMERE ROAD, SUTTON COLDFIELD, B73 5TD",http://www.elitep.co.uk/,,"overture place 511b843b-27b3-466e-9bea-32f24d854015 ('Elite Personnel Ltd', B73 5TD)","high (exact_postcode, score 100.0)",2025-06-30,Companies House accounts Accounts_Monthly_Data-October2025.zip / Prod224_2510_02919148_20250630.html
TECHNICHE GLOBAL LIMITED,09670408,023 8185 0091,landline,72,78109 - Other activities of employment placement agencies,"LANCASTER COURT, 8 BARNES WALLIS ROAD, FAREHAM, HAMPSHIRE, PO15 5TU",http://www.technicheglobal.com/,,"overture place 68e768b2-cb10-4029-94d6-c8da2f180f5d ('Techniche Global ltd.', PO15 5TU)","high (exact_postcode, score 100.0)",2025-12-31,Companies House accounts Accounts_Monthly_Data-September2026.zip / Prod224_2609_09670408_20251231.html
THE STAFF AGENCY LIMITED,03822996,01772 721172,landline,71,78109 - Other activities of employment placement agencies,"4 NAVIGATION BUSINESS VILLAGE, NAVIGATION WAY, ASHTON ON RIBBLE, PRESTON, LANCASHIRE, PR2 2YP",http://www.thestaffagencyltd.com,,"overture place 91e0e950-caa8-4354-a79d-d38c6c79ff72 ('The Staff Agency', PR2 2YP)","high (exact_postcode, score 100.0)",2025-08-31,Companies House accounts Accounts_Monthly_Data-December2025.zip / Prod224_2512_03822996_20250831.html
MONTASH LIMITED,05195273,020 7014 0230,landline,69,78109 - Other activities of employment placement agencies,"100 CLIFTON STREET, LONDON, EC2A 4TP",http://www.montash.com/,,"overture place ef604351-9f93-40e3-9353-09e664cf41e2 ('Montash', EC2A 4TP)","high (exact_postcode, score 100.0)",2025-12-31,Companies House accounts Accounts_Monthly_Data-September2026.zip / Prod224_2609_05195273_20251231.html
XCEDE LIMITED,04740661,020 3301 9900,landline,68,78109 - Other activities of employment placement agencies; 78200 - Temporary employment agency activities,"24 EVERSHOLT STREET, LONDON, NW1 1AD",https://www.xcede.com/,,"overture place 13e28e2d-659a-468d-a061-f17280426356 ('Xcede', NW1 1AD)","high (exact_postcode, score 100.0)",2025-12-31,Companies House accounts Accounts_Monthly_Data-August2026.zip / Prod224_2608_04740661_20251231.html
CLUETT REEVE LTD,04771506,01489 581888,landline,68,78109 - Other activities of employment placement agencies; 78200 - Temporary employment agency activities,"LANCASTER COURT 8 BARNES WALLIS ROAD, SEGENSWORTH, FAREHAM, HAMPSHIRE, PO15 5TU",https://cluettreeve.co.uk,,company website https://cluettreeve.co.uk/contact (tel: link),high (website verified: registered name + postcode on site),2025-09-30,Companies House accounts Accounts_Monthly_Data-April2026.zip / Prod224_2604_04771506_20250930.html
PLATINUM CARE SOLUTIONS LIMITED,05076290,023 9222 1505,landline,67,78109 - Other activities of employment placement agencies,"6 RUSSELL BUILDING, 86 WEST STREET, PORTCHESTER, HAMPSHIRE, PO16 9UL",http://www.platinum-care.co.uk/,,"overture place caa560fd-3c68-4290-8f2d-287f3e0c6a1f ('Platinum Care Solutions', PO16 9UL)","high (exact_postcode, score 100.0)",2025-05-31,Companies House accounts Accounts_Monthly_Data-December2025.zip / Prod224_2512_05076290_20250531.html
THE CARAIRES CONSULTANCY LIMITED,06287516,01788 298040,landline,67,78109 - Other activities of employment placement agencies,"14 CAWSTON LANE, DUNCHURCH, WARWICKSHIRE, CV22 6QE",https://www.caraires.co.uk/,,"overture place 13a4b9d3-3146-4265-b04c-86191b61a824 ('The Caraires Consultancy', CV21 2DY)","high (exact_area, score 100.0)",2025-06-30,Companies House accounts Accounts_Monthly_Data-January2026.zip / Prod224_2601_06287516_20250630.html
AGA RECRUITMENT SOLUTIONS LIMITED,08271700,01202 610203,landline,66,78109 - Other activities of employment placement agencies; 78200 - Temporary employment agency activities,"WATSON HOUSE, OFFICE 15/19, 398-400 HOLDENHURST ROAD, BOURNEMOUTH, BH8 8BN",http://www.agarecruit.co.uk/,,"overture place df3684e4-fe49-4073-9f0b-6354436ec898 ('AGA Recruitment Solutions', BH8 8BN)","high (exact_postcode, score 100.0)",2025-10-31,Companies House accounts Accounts_Monthly_Data-March2026.zip / Prod224_2603_08271700_20251031.html
DPUK RECRUITMENT LIMITED,10851465,0121 448 5480,landline,66,78109 - Other activities of employment placement agencies,"UNIT 1 COMMON GROUND HOUSE, ALDRIDGE ROAD, PERRY BARR, BIRMINGHAM, B42 2TX",,,"overture place 19649ff3-2848-4b14-8db0-fefc27947b34 ('DPUK Recruitment Limited', B42 2TX)","high (exact_postcode, score 100.0)",2025-09-30,Companies House accounts Accounts_Monthly_Data-June2026.zip / Prod224_2606_10851465_20250930.html
SANTA CARE LIMITED,08886976,01323 370391,landline,65,78109 - Other activities of employment placement agencies,"3 NORTH STREET, HAILSHAM, EAST SUSSEX, BN27 1DQ",http://www.santacare.co.uk,,"overture place 39eca721-4599-4d3b-86ca-a8c29f7e2424 ('Santa Care', BN27 1DQ)","high (exact_postcode, score 100.0)",2025-02-28,Companies House accounts Accounts_Monthly_Data-November2025.zip / Prod224_2511_08886976_20250228.html
THE BARTON PARTNERSHIP LTD,06264908,020 7138 3691,landline,65,78109 - Other activities of employment placement agencies,"ONE NEW CHANGE, NEW CHANGE, LONDON, EC4M 9AF",https://www.thebartonpartnership.com,,company website https://www.thebartonpartnership.com/contact (UK number pattern in page text),high (website verified: company number on site),2024-12-31,Companies House accounts Accounts_Monthly_Data-September2025.zip / Prod224_2509_06264908_20241231.html
SPENCER CLARKE GROUP LIMITED,10784592,01772 954200,landline,64,78109 - Other activities of employment placement agencies; 78200 - Temporary employment agency activities,"11 BARTLE COURT BUSINESS CENTRE, ROSEMARY LANE, PRESTON, LANCASHIRE, PR4 0HF",http://www.spencerclarkegroup.co.uk/,,"overture place 98cadaae-ff7e-40ce-8f0b-a8aa2737700a ('Spencer Clarke Group', PR4 0HF)","high (exact_postcode, score 100.0)",2025-06-30,Companies House accounts Accounts_Monthly_Data-March2026.zip / Prod224_2603_10784592_20250630.html
TO ME TO YOU SUPPORT LTD,10753238,01282 969509,landline,64,78109 - Other activities of employment placement agencies,"INSKIP UNIT 1, INSKIP SPACES, INSKIP STREET, PADIHAM, LANCASHIRE, BB12 8BP",http://www.tometoyousupport.co.uk/,,"overture place 5af5e0a9-9fb2-4a16-ab64-8cfe9102bbbc ('To Me To You Support Ltd', BB 111)","high (exact_area, score 100.0)",2025-03-31,Companies House accounts Accounts_Monthly_Data-December2025.zip / Prod224_2512_10753238_20250331.html
WORLDWIDE TEACHING LTD,11193690,0161 802 3011,landline,64,78109 - Other activities of employment placement agencies,"3RD FLOOR BROADSTONE MILL, BROADSTONE ROAD, STOCKPORT, GREATER MANCHESTER, SK5 7DL",http://www.worldwide-teaching.com/,,"overture place 5b82c159-1241-4aed-b28d-c254c6c3849c ('Worldwide Teaching', SK5 7DL)","high (exact_postcode, score 100.0)",2025-08-31,Companies House accounts Accounts_Monthly_Data-May2026.zip / Prod224_2605_11193690_20250831.html
HIGHBURY RECRUITMENT LIMITED,09433773,01603 931999,landline,64,78109 - Other activities of employment placement agencies; 78200 - Temporary employment agency activities,"F6 THE BLOC SPRINGFIELD WAY, ANLABY, HULL, HU10 6RJ",https://highburyrecruitment.com,,company website https://highburyrecruitment.com/ (tel: link),high (website verified: company number on site),2025-02-28,Companies House accounts Accounts_Monthly_Data-November2025.zip / Prod224_2511_09433773_20250228.html
SUMMIT SELECTION LIMITED,14753082,01482 680400,landline,64,78109 - Other activities of employment placement agencies; 78200 - Temporary employment agency activities,"CHERRY COURT, 36 FERENSWAY, HULL, HU2 8NH",https://summit-selection.com,,company website https://summit-selection.com/ (tel: link),high (website verified: company number on site),2026-03-31,Companies House accounts Accounts_Monthly_Data-September2026.zip / Prod224_2609_14753082_20260331.html
WORLDWIDE EDUCATION RECRUITMENT LIMITED,08962258,01753 306177,landline,64,78109 - Other activities of employment placement agencies,"13 VANSITTART ESTATE, WINDSOR, BERKSHIRE, SL4 1SE",https://worldwideeducation.co.uk,,company website https://worldwideeducation.co.uk/contact (UK number pattern in page text),high (website verified: company number on site),2025-03-31,Companies House accounts Accounts_Monthly_Data-December2025.zip / Prod224_2512_08962258_20250331.html
DCI CARE LTD,11125000,01803 311045,landline,62,78109 - Other activities of employment placement agencies; 78200 - Temporary employment agency activities; 78300 - Human resources provision and management of human resources functions,"109A UNION STREET, TORQUAY, TQ1 3DW",http://www.dcicare.co.uk/,,"overture place 34dbdc47-ac9b-46a4-98a7-38a82ae24bc3 ('DCI Care', TQ1 1EY)","high (exact_district, score 100.0)",2025-12-31,Companies House accounts Accounts_Monthly_Data-September2026.zip / Prod224_2609_11125000_20251231.html
DEGREE-SIX RECRUITMENT LTD,09124460,0116 464 0030,landline,62,78109 - Other activities of employment placement agencies,"MERCURY PLACE 3RD FLOOR, ST. GEORGE STREET, LEICESTER, LE1 1QG",http://www.degree-six.com/,,"overture place 99b8f5a3-31c7-414a-b160-5531468d613d ('Degree Six Recruitment', LE1 1QG)","high (exact_postcode, score 100.0)",2025-07-31,Companies House accounts Accounts_Monthly_Data-October2025.zip / Prod224_2510_09124460_20250731.html
INTELLECTUAL CAPITAL RESOURCES LIMITED,03852801,0118 988 1150,landline,62,78109 - Other activities of employment placement agencies,"HIVE 2 1530 ARLINGTON BUSINESS PARK, THEALE, READING, RG7 4SA",https://ic-resources.com,,company website https://ic-resources.com/ (tel: link),high (website verified: registered name + postcode on site),2025-12-31,Companies House accounts Accounts_Monthly_Data-July2026.zip / Prod224_2607_03852801_20251231.html
GEM APPOINTMENTS LIMITED,03232955,020 8424 2222,landline,61,78109 - Other activities of employment placement agencies,"49 STATION ROAD, HARROW, MIDDLESEX, HA1 2TY",http://www.gem-appointments.co.uk/,,"overture place b6c9626f-b038-4b0c-a065-630d24c2deb1 ('Gem Appointments Ltd', HA1 2TY)","high (exact_postcode, score 100.0)",2025-08-31,Companies House accounts Accounts_Monthly_Data-March2026.zip / Prod224_2603_03232955_20250831.html
NOVELLO HEALTHCARE LIMITED,13793724,0333 307 8897,landline (non-geographic),61,78109 - Other activities of employment placement agencies,"REGUS, 120 BARK STREET, BOLTON, BL1 2AX",https://www.novellohealthcare.com/,,"overture place f8488e71-92a1-445e-9903-b50bcb071ea4 ('Novello Healthcare', BL1 2AX)","high (exact_postcode, score 100.0)",2026-03-31,Companies House accounts Accounts_Monthly_Data-August2026.zip / Prod224_2608_13793724_20260331.html
BMS PERFORMANCE LIMITED,11116699,0800 060 8420,landline (non-geographic),60,78109 - Other activities of employment placement agencies,"BUILDING 5 THE HEIGHTS, BROOKLANDS, WEYBRIDGE, KT13 0NY",http://www.bmsperformance.com/,,"overture place c531f443-5fbc-4df6-be9a-67e3f5be0ff2 ('BMS Performance', KT13 0NY)","high (exact_postcode, score 100.0)",2026-03-31,Companies House accounts Accounts_Monthly_Data-June2026.zip / Prod224_2606_11116699_20260331.html
WILBERFORCE HEALTHCARE UK LIMITED,06926397,01482 216950,landline,60,78109 - Other activities of employment placement agencies,"163 HESSLE ROAD, HULL, EAST YORKSHIRE, HU3 4AA",http://www.wilberforcehealthcare.co.uk/,,"overture place 5b95b3d6-d681-42f1-9e1c-148d38bb0eb7 ('Wilberforce Healthcare', HU1 3UF)","high (exact_area, score 100.0)",2025-06-30,Companies House accounts Accounts_Monthly_Data-March2026.zip / Prod224_2603_06926397_20250630.html
INTEGRITY PLUS LIMITED,05394805,01775 821784,landline,59,78109 - Other activities of employment placement agencies; 78200 - Temporary employment agency activities,"9A MILL LANE, DONINGTON, LINCOLNSHIRE, PE11 4TL",https://www.integrityplus.co.uk/,,"overture place 152c6728-abee-4f20-b06f-a6086e398fd7 ('Integrityplus', PE11 4TL)","high (fuzzy_area, score 96.3)",2025-12-31,Companies House accounts Accounts_Monthly_Data-January2026.zip / Prod224_2601_05394805_20251231.html
NOTTZ CARE LIMITED,10249133,0115 964 8277,landline,59,78109 - Other activities of employment placement agencies; 86900 - Other human health activities,"N B V ENTERPRISE CENTRE, 6 DAVID LANE, NOTTINGHAM, NG6 0JU",http://www.nottzcare.co.uk/,,"overture place 40e1d803-b5d8-45ff-9c0d-79b529c99b70 ('Nottz Care LTD', NG6 0JU)","high (exact_postcode, score 100.0)",2026-03-31,Companies House accounts Accounts_Monthly_Data-September2026.zip / Prod224_2609_10249133_20260331.html
IDEX CONSULTING LTD.,05663021,0333 800 4339,landline (non-geographic),58,78109 - Other activities of employment placement agencies,"THE COLMORE BUILDING, 20 COLMORE CIRCUS QUEENSWAY, BIRMINGHAM, WEST MIDLANDS, B4 6AT",https://www.idexconsulting.com/,,"overture place e60b530c-cade-4f7b-a585-8531511e828c ('IDEX Consulting Ltd.', B3 2AA)","high (exact_area, score 100.0)",2025-03-31,Companies House accounts Accounts_Monthly_Data-November2025.zip / Prod224_2511_05663021_20250331.html
NIYAA PEOPLE LIMITED,06442091,0121 773 0966,landline,58,78109 - Other activities of employment placement agencies,"ALBERT HOUSE, 12-26 ALBERT STREET, BIRMINGHAM, B4 7UD",,,"overture place 3c972731-32b2-48a8-b841-4aa5203bf9f1 ('Niyaa People Ltd.', B4 7LR)","high (exact_district, score 100.0)",2024-03-31,Companies House accounts Accounts_Monthly_Data-March2025.zip / Prod224_2503_06442091_20240331.html
ANSON MCCADE LIMITED,03971127,020 7780 6700,landline,57,78109 - Other activities of employment placement agencies,"3RD FLOOR (NORTH), 40 CLIFTON STREET, LONDON, EC2A 4DX",http://www.ansonmccade.com/,,"overture place d6fc0cc8-570a-4fa8-8cdc-1f3c0ccd29f7 ('Anson McCade', EC2A 4DX)","high (exact_postcode, score 100.0)",2026-04-30,Companies House accounts Accounts_Monthly_Data-June2026.zip / Prod224_2606_03971127_20260430.html
FAMILY CIRCLE CARE LTD.,SC230595,0131 554 9500,landline,57,78109 - Other activities of employment placement agencies; 86900 - Other human health activities,"22 TOWER STREET, EDINBURGH, EH6 7BY",http://www.familycirclecare.co.uk/,,"overture place b29334ca-53cb-4b46-bf40-b76951e0eb0e ('Family Circle Care', EH6 7BY)","high (exact_postcode, score 100.0)",2025-03-31,Companies House accounts Accounts_Monthly_Data-December2025.zip / Prod224_2512_SC230595_20250331.html
AMBITIONS PERSONNEL LIMITED,02684652,01636 611320,landline,56,78109 - Other activities of employment placement agencies; 78200 - Temporary employment agency activities,"21 LOMBARD STREET, NEWARK, NG24 1XG",http://www.ambitionspersonnel.com/,,"overture place a1a6d3c5-1a29-45fd-9beb-b62e65d11587 ('Ambitions Personnel', NG24 1XG)","high (exact_postcode, score 100.0)",2025-05-31,Companies House accounts Accounts_Monthly_Data-December2025.zip / Prod224_2512_02684652_20250531.html
HUTCHEON MEARNS LTD,SC445382,01224 643138,landline,56,69201 - Accounting and auditing activities; 78109 - Other activities of employment placement agencies,"2 QUEEN'S ROAD, ABERDEEN, AB15 4ZT",http://www.hutcheonmearns.co.uk/,,"overture place 0da20978-d9e3-4470-b39f-e837be3a3336 ('Hutcheon Mearns Ltd.', AB15 4ZT)","high (exact_postcode, score 100.0)",2025-03-31,Companies House accounts Accounts_Monthly_Data-October2025.zip / Prod224_2510_SC445382_20250331.html
LDN APPRENTICESHIPS LTD,07445563,020 3884 8816,landline,56,78109 - Other activities of employment placement agencies; 78300 - Human resources provision and management of human resources functions; 85320 - Technical and vocational secondary education,"278-280 SOUTH LAMBETH ROAD, LONDON, SW8 1UJ",http://www.ldnapprenticeships.com/,,"overture place 9fb21f4b-6477-4e04-9f84-cf706f0624b8 ('LDN Apprenticeships', SW8 1UJ)","high (exact_postcode, score 100.0)",2025-07-31,Companies House accounts Accounts_Monthly_Data-March2026.zip / Prod224_2603_07445563_20250731.html
SEED HEALTHCARE SERVICES LTD,14044561,020 3929 7540,landline,56,78109 - Other activities of employment placement agencies; 78200 - Temporary employment agency activities; 78300 - Human resources provision and management of human resources functions; 88100 - Social work activities without accommodation for the elderly and disabled,"UNIT 69, CARIOCCA BUSINESS PARK 2 SAWLEY ROAD, MILES PLATTING, MANCHESTER, M40 8BB",https://www.seedhealthcareservices.co.uk/,,"overture place 33b1c1d4-7f52-48de-9c68-21b4175d6c9b ('Seed Healthcare Services', M40 8BB)","high (exact_postcode, score 100.0)",2026-04-30,Companies House accounts Accounts_Bulk_Data-2026-10-10.zip / Prod223_4326_14044561_20260430.html
GREEN FORCE HEALTHCARE LTD,11436850,0113 350 7369,landline,55,78109 - Other activities of employment placement agencies; 78200 - Temporary employment agency activities; 86102 - Medical nursing home activities; 87100 - Residential nursing care facilities,"C/O TAXSET ACCOUNTANTS,178, HARROGATE ROAD, LEEDS, LS7 4NZ",https://greenforcehealthcare.co.uk/,,"overture place 2f7b8a49-ec5d-48cd-90d5-863c7ef81a86 ('Green Force Healthcare', LS11 5HL)","high (exact_area, score 100.0)",2025-06-30,Companies House accounts Accounts_Monthly_Data-June2026.zip / Prod224_2606_11436850_20250630.html
ZENOPA LTD,02635993,01494 818000,landline,55,78109 - Other activities of employment placement agencies,"THE THREE PINES CHURCH ROAD, PENN, HIGH WYCOMBE, HP10 8EG",https://zenopa.com,,company website https://zenopa.com/contact (tel: link),high (website verified: registered name + postcode on site),2024-10-31,Companies House accounts Accounts_Monthly_Data-July2025.zip / Prod224_2507_02635993_20241031.html
OWEN DANIELS CONSULTANCY LTD,07783092,01276 300100,landline,54,78109 - Other activities of employment placement agencies,"BUILDING 4 LYON WAY, FRIMLEY, CAMBERLEY, GU16 7ER",https://www.owendaniels.co.uk,,"overture place d2e8adb3-b7e2-4e3e-b5a0-c39e3a166894 ('Owen Daniels Consultancy', GU16 7ER)","high (exact_postcode, score 100.0)",2024-06-30,Companies House accounts Accounts_Monthly_Data-February2025.zip / Prod224_3600_07783092_20240630.html
POLYTEC PERSONNEL LIMITED,01781726,01223 423267,landline,54,78109 - Other activities of employment placement agencies; 78200 - Temporary employment agency activities,"UNIT 2.03 ST JOHN'S INNOVATION CENTRE, COWLEY ROAD, CAMBRIDGE, CB4 0WS",http://www.polytec.co.uk/,,"overture place 8c4f7625-4708-4744-a39b-e1010aca3716 ('Polytec Personnel', CB4 0PP)","high (exact_district, score 100.0)",2026-03-31,Companies House accounts Accounts_Monthly_Data-May2026.zip / Prod224_2605_01781726_20260331.html
WILKERR CARE SERVICES LTD,SC693855,0141 737 7750,landline,54,78109 - Other activities of employment placement agencies; 88100 - Social work activities without accommodation for the elderly and disabled,"MIRREN COURT ONE, 119 RENFREW ROAD, PAISLEY, PA3 4EA",https://wilkerrcareservices.co.uk/,,"overture place 197796f8-6efa-4106-abfe-f71624e0de9f ('Wilkerr Care Services', PA3 4EA)","high (exact_postcode, score 100.0)",2025-03-31,Companies House accounts Accounts_Monthly_Data-December2025.zip / Prod224_2512_SC693855_20250331.html
ARCHERS RECRUITMENT LIMITED,04856896,01793 436363,landline,53,78109 - Other activities of employment placement agencies,"INTEGER PARK COMMON HILL, CRICKLADE, SWINDON, SN6 6HA",http://www.archersrecruitment.co.uk/,,"overture place 5f2b4751-5ef8-405b-820e-007e57b672cf ('Archers Recruitment Ltd.', SN2 8AF)","high (exact_area, score 100.0)",2025-10-31,Companies House accounts Accounts_Monthly_Data-February2026.zip / Prod224_2602_04856896_20251031.html
HUNTER SELECTION LIMITED,05311926,01275 371981,landline,52,78109 - Other activities of employment placement agencies,"WESSEX HOUSE GREYSTOKE BUSINESS PARK, PORTISHEAD, BRISTOL, BS20 6PY",http://www.hunterselection.co.uk/,,"overture place 1db2a1fb-f320-4abb-a847-c9962938d371 ('Hunter Selection Limited', BS20 6PY)","high (exact_postcode, score 100.0)",2025-12-31,Companies House accounts Accounts_Monthly_Data-June2026.zip / Prod224_2606_05311926_20251231.html
MAGNET RECRUITMENT LIMITED,13346888,020 7870 3455,landline,52,78109 - Other activities of employment placement agencies; 78200 - Temporary employment agency activities; 97000 - Activities of households as employers of domestic personnel,"264 HIGH STREET, BECKENHAM, BR3 1DZ",https://magnetrecruitment.co.uk,,company website https://magnetrecruitment.co.uk/contact (UK number pattern in page text),high (website verified: company number on site),2025-04-30,Companies House accounts Accounts_Monthly_Data-January2026.zip / Prod224_2601_13346888_20250430.html
ASL RECRUITMENT LIMITED,03645395,01424 452999,landline,51,78109 - Other activities of employment placement agencies; 78200 - Temporary employment agency activities,"9 WELLINGTON SQUARE, HASTINGS, EAST SUSSEX, TN34 1PB",https://www.aslrecruitment.co.uk/,,"overture place 6f25d206-80d2-467f-99be-006fdfd4c32b ('ASL Recruitment', TN34 1PB)","high (exact_postcode, score 100.0)",2025-03-31,Companies House accounts Accounts_Monthly_Data-December2025.zip / Prod224_2512_03645395_20250331.html
FORSYTH BARNES LIMITED,09334325,0115 896 1600,landline,51,70229 - Management consultancy activities other than financial management; 78109 - Other activities of employment placement agencies; 78200 - Temporary employment agency activities,"15A FRIAR LANE, NOTTINGHAM, NG1 6DA",http://www.forsythbarnes.com/,,"overture place 746fdb4c-0788-48bf-8985-5bf76859797b ('Forsyth Barnes', NG1 6DA)","high (exact_postcode, score 100.0)",2025-12-31,Companies House accounts Accounts_Monthly_Data-September2026.zip / Prod224_2609_09334325_20251231.html
GA PROFESSIONAL HEALTHCARE LIMITED,10703846,0333 311 0172,landline (non-geographic),51,78109 - Other activities of employment placement agencies; 81100 - Combined facilities support activities; 86900 - Other human health activities; 88990 - Other social work activities without accommodation n.e.c.,"WEATHERILL HOUSE BUSINESS CENTRE, 23 WHITESTONE WAY, CROYDON, SURREY, CR0 4WF",https://www.gaprofessionalshealthcare.co.uk/,,"overture place de1fd712-5b89-46c7-bb97-a10ba7175e3f ('GA Professional Healthcare Ltd.', CR0 4WF)","high (exact_postcode, score 100.0)",2026-04-30,Companies House accounts Accounts_Monthly_Data-May2026.zip / Prod224_2605_10703846_20260430.html
HOPE HEALTH KARE LIMITED,11829838,01302 204115,landline,51,78109 - Other activities of employment placement agencies; 78200 - Temporary employment agency activities; 88100 - Social work activities without accommodation for the elderly and disabled; 88990 - Other social work activities without accommodation n.e.c.,"OFFICE 3, 83 COPLEY ROAD, DONCASTER, DN1 2QP",https://hopehealthkare.co.uk,,company website https://hopehealthkare.co.uk/contact (UK number pattern in page text),high (website verified: registered name + postcode on site),2026-02-28,Companies House accounts Accounts_Monthly_Data-August2026.zip / Prod224_2608_11829838_20260228.html
BOLDGLEN LIMITED,02264444,01795 580091,landline,50,78109 - Other activities of employment placement agencies,"1 HIGH STREET, SHEERNESS, KENT, ME12 1NY",http://www.boldglen.co.uk,,"overture place d4aa9054-c7d5-4102-9a88-99dea4798a90 ('Boldglen', ME12 1TW)","high (exact_district, score 100.0)",2025-03-31,Companies House accounts Accounts_Monthly_Data-August2025.zip / Prod224_2508_02264444_20250331.html
CAREERMAKERS RECRUITMENT (UK) LTD,08036935,0161 764 2169,landline,50,78109 - Other activities of employment placement agencies,"54 OLDHAM STREET, MANCHESTER, M4 1LE",http://www.career-makers.co.uk/,,"overture place 078404b4-be9d-48d6-9a40-596d44a035b8 ('Careermakers Recruitment', M4 1LE)","high (exact_postcode, score 100.0)",2025-07-31,Companies House accounts Accounts_Monthly_Data-July2026.zip / Prod224_2607_08036935_20250731.html
GEL RECRUITMENT LTD.,07984031,01706 838249,landline,50,78109 - Other activities of employment placement agencies,"19 HARE HILL ROAD, LITTLEBOROUGH, OL15 9AD",http://www.gelrecruitment.co.uk/,,"overture place b3541f2f-536c-4535-ae3b-e9165e11a3f1 ('Gel Recruitment Ltd', OL15 8AB)","high (exact_district, score 100.0)",2025-03-31,Companies House accounts Accounts_Monthly_Data-November2025.zip / Prod224_2511_07984031_20250331.html
LINSCO LIMITED,01370096,0115 910 6666,landline,50,78109 - Other activities of employment placement agencies,"2 LACE MARKET SQUARE, NOTTINGHAM, NG1 1PB",http://www.linsco.com,,"overture place 5931ece0-95f0-4c23-9ac9-cda3ef1c0818 ('Linsco', NG1 1LS)","high (exact_district, score 100.0)",2025-03-31,Companies House accounts Accounts_Monthly_Data-September2025.zip / Prod224_2509_01370096_20250331.html
NIGHTINGALES RECRUITMENT CARE AGENCY LTD,13464892,01926 242407,landline,50,78109 - Other activities of employment placement agencies; 78200 - Temporary employment agency activities; 87900 - Other residential care activities n.e.c.; 88100 - Social work activities without accommodation for the elderly and disabled,"UNIT 4 CHARLES COURT, BUDBROOKE INDUSTRIAL ESTATE, WARWICK, WARWICKSHIRE, CV34 5LZ",http://www.nightingalesrecruitment.com/,,"overture place 320a3b44-4581-47b8-bfaa-0d02816f24fe ('Nightingales Recruitment Care Agency', CV32 5AA)","high (exact_area, score 100.0)",2025-06-30,Companies House accounts Accounts_Monthly_Data-March2026.zip / Prod224_2603_13464892_20250630.html
SHARP CONSULTANCY LIMITED,03741717,0114 261 1700,landline,50,78109 - Other activities of employment placement agencies,"RIVERSIDE COURT 202 MEADOW HALL, ROAD, SHEFFIELD, SOUTH YORKSHIRE, S9 1BN",http://www.sharpmoves.com,,"overture place 3b343712-2183-4da0-aaee-d989fdf47ea4 ('Sharp Consultancy', S9 1BN)","high (exact_postcode, score 100.0)",2025-03-31,Companies House accounts Accounts_Monthly_Data-November2025.zip / Prod224_2511_03741717_20250331.html
RECRUIT WITH EASE LIMITED,12836413,01767 686232,landline,50,78109 - Other activities of employment placement agencies,"SUITE 7B PORTMILL HOUSE, PORTMILL LANE, HITCHIN, SG5 1DJ",https://www.recruit-with-ease.com,,company website https://www.recruit-with-ease.com/contact (UK number pattern in page text),high (website verified: company number on site),2025-08-31,Companies House accounts Accounts_Monthly_Data-February2026.zip / Prod224_2602_12836413_20250831.html
BLUE OCEAN SERVICES LIMITED,04195096,020 8690 8333,landline,49,78109 - Other activities of employment placement agencies; 78200 - Temporary employment agency activities,"UNIT C309 ACCESS SELF STORAGE, BUGSBY'S WAY, CHARLTON, LONDON, SE7 7SJ",http://www.blueoceanservicesuk.com,,"overture place d7677033-2fd5-4dcf-866d-e8ea59dac8a8 ('Blue Ocean Services', SE6 4UE)","high (exact_area, score 100.0)",2026-04-30,Companies House accounts Accounts_Monthly_Data-September2026.zip / Prod224_2609_04195096_20260430.html
EMEA RECRUITMENT LIMITED,06225221,0115 860 2126,landline,49,78109 - Other activities of employment placement agencies,"SECOND FLOOR, CITY BUILDINGS, CARRINGTON STREET, NOTTINGHAM, NG1 7FG",http://www.emearecruitment.eu,,"overture place 0c48a501-effa-4f9d-a51d-abbf45b9956f ('EMEA Recruitment', NG1 1PU)","high (exact_district, score 100.0)",2025-03-31,Companies House accounts Accounts_Monthly_Data-December2025.zip / Prod224_2512_06225221_20250331.html
OCALA RECRUITMENT LIMITED,14026614,01473 378100,landline,49,78109 - Other activities of employment placement agencies; 78200 - Temporary employment agency activities,"UNIT 5 WHARFSIDE HOUSE, PRENTICE ROAD, STOWMARKET, SUFFOLK, IP14 1RD",http://ocalarecruitment.co.uk/,,"overture place f51cdafb-ca82-45f6-906f-9e1454643aec ('Ocala Recruitment', IP14 1RD)","high (exact_postcode, score 100.0)",2025-11-30,Companies House accounts Accounts_Monthly_Data-June2026.zip / Prod224_2606_14026614_20251130.html
SPHERE SOLUTIONS LIMITED,05339792,029 2081 3331,landline,49,78109 - Other activities of employment placement agencies,"1 TY-NANT COURT, MORGANSTOWN, CARDIFF, CF15 8LW",http://www.spheresolutions.co.uk/,,"overture place 7c62f2de-0d08-44fd-b21d-22d369fa66f6 ('Sphere Solutions Ltd.', CF15 8LW)","high (exact_postcode, score 100.0)",2025-03-31,Companies House accounts Accounts_Monthly_Data-December2025.zip / Prod224_2512_05339792_20250331.html
THE SUPPLY REGISTER LIMITED,10208779,0330 236 9244,landline (non-geographic),49,78109 - Other activities of employment placement agencies; 78200 - Temporary employment agency activities; 78300 - Human resources provision and management of human resources functions,"01.052 DENISE COATES FOUNDATION BUILDING HOME FARM DRIVE, KEELE UNIVERSITY, KEELE, STAFFORDSHIRE, ST5 5NS",https://supplyregister.uk/,,"overture place 04780f79-8c72-4db2-b128-038364463c0c ('The Supply Register', ST5 5NS)","high (exact_postcode, score 100.0)",2025-08-31,Companies House accounts Accounts_Monthly_Data-May2026.zip / Prod224_2605_10208779_20250831.html
LAWRENCE DEAN RECRUITMENT LTD,07423233,01438 310131,landline,48,78109 - Other activities of employment placement agencies,"BUSINESS AND TECHNOLOGY CENTRE, BESSEMER DRIVE, STEVENAGE, HERTS, SG1 2DX",http://www.lawrencedeanrecruitment.co.uk/,,"overture place b899138a-d299-46ba-bf7b-2045e03d0761 ('Lawrence Dean Recruitment', SG1 2DX)","high (exact_postcode, score 100.0)",2025-12-31,Companies House accounts Accounts_Monthly_Data-March2026.zip / Prod224_2603_07423233_20251231.html
LINE OF SIGHT CARE LIMITED,11040502,01234 910030,landline,48,78109 - Other activities of employment placement agencies; 87900 - Other residential care activities n.e.c.,"THE STUDIO, 1A CHURCH ROAD, WILSTEAD, BEDFORD, MK45 3HH",https://www.lineofsightcare.co.uk/,,"overture place 44e34d8a-ed41-41c6-975d-f46d26fb25c3 ('Line Of Sight Care', MK45 3HH)","high (exact_postcode, score 100.0)",2025-10-31,Companies House accounts Accounts_Monthly_Data-August2026.zip / Prod224_2608_11040502_20251031.html
LOCUM PEOPLE LTD,07890931,01908 683906,landline,48,78109 - Other activities of employment placement agencies,"7B CLARENDON DRIVE, WYMBUSH, MILTON KEYNES, BUCKINGHAMSHIRE, MK8 8ED",http://www.locumpeople.co.uk/,,"overture place 705d1f30-545a-47fe-9251-cc9b9e878eaa ('Locum People', MK8 8ED)","high (exact_postcode, score 100.0)",2025-02-28,Companies House accounts Accounts_Monthly_Data-November2025.zip / Prod224_2511_07890931_20250228.html
TRUSTLINK CARE SERVICES LTD,08647509,01782 323933,landline,48,78109 - Other activities of employment placement agencies; 88100 - Social work activities without accommodation for the elderly and disabled; 88990 - Other social work activities without accommodation n.e.c.,"86 VICTORIA ROAD, STOKE-ON-TRENT, ST4 2JX",https://www.trustlinkcareservices.co.uk/,,"overture place 50f5dc7c-c00b-435c-b860-e3673783df1e ('Trustlink Care Services', ST4 2JX)","high (exact_postcode, score 100.0)",2025-03-31,Companies House accounts Accounts_Monthly_Data-December2025.zip / Prod224_2512_08647509_20250331.html
MACKENZIE STUART LIMITED,06443393,0113 233 9520,landline,47,78109 - Other activities of employment placement agencies,"PART 2ND FLOOR, 6 WELLINGTON PLACE, LEEDS, WEST YORKSHIRE, LS1 4AP",https://www.mackenziestuart.com/,,"overture place 6f4d8a36-409d-4a3d-a9a8-0601f4166768 ('Mackenzie Stuart', LS1 4AP)","high (exact_postcode, score 100.0)",2025-12-31,Companies House accounts Accounts_Monthly_Data-September2026.zip / Prod224_2609_06443393_20251231.html
RECRUIT2SCHOOLS LTD,11307076,01656 349419,landline,47,78109 - Other activities of employment placement agencies,"UNIT 8A BENNETT STREET, BRIDGEND INDUSTRIAL ESTATE, BRIDGEND, CF31 3SH",http://recruit2schools.com/,,"overture place 4ef4af32-b091-49c1-9ee0-5f088a180f05 ('Recruit2Schools', CF31 3SH)","high (exact_postcode, score 100.0)",2025-04-30,Companies House accounts Accounts_Monthly_Data-January2026.zip / Prod224_2601_11307076_20250430.html
ADVANCE GLOBAL RECRUITMENT LTD,SC396083,0131 554 3454,landline,46,78109 - Other activities of employment placement agencies,"UNIT 16 BEAVERBANK BUSINESS PARK, LOGIE MILL, EDINBURGH, EH7 4HG",http://www.agrl.co.uk/,,"overture place f9df12d0-ca9b-4521-8147-abc94185bd2f ('Advance Global Recruitment', EH7 4HG)","high (exact_postcode, score 100.0)",2024-12-31,Companies House accounts Accounts_Monthly_Data-February2026.zip / Prod224_2602_SC396083_20241231.html
PERFECT PLACEMENT UK LIMITED,04923920,01603 701077,landline,46,78109 - Other activities of employment placement agencies,"NAUTILUS HOUSE 10 CENTRAL AVENUE, ST. ANDREWS BUSINESS PARK, NORWICH, NR7 0HR",https://www.perfectplacement.co.uk/,,"overture place 6edb0063-8555-497e-8491-725dae26c514 ('Perfect Placement', NR7 0HR)","high (exact_postcode, score 100.0)",2025-03-31,Companies House accounts Accounts_Monthly_Data-December2025.zip / Prod224_2512_04923920_20250331.html
R.T.L GROUP LTD,11692292,01689 885066,landline,46,78109 - Other activities of employment placement agencies,"92A HIGH STREET, ORPINGTON, BR6 0JY",http://www.rtlgroupltd.co.uk/,,"overture place 3357b80f-73c1-47b3-b7f2-9cbe8d60b788 ('R.T.L Group Ltd', BR1 1NA)","high (exact_area, score 100.0)",2025-11-30,Companies House accounts Accounts_Monthly_Data-August2026.zip / Prod224_2608_11692292_20251130.html
V3 RECRUITMENT LIMITED,06758952,023 9236 1115,landline,46,78109 - Other activities of employment placement agencies; 78200 - Temporary employment agency activities,"1 SOVEREIGN GATE, 308-314 COMMERCIAL ROAD, PORTSMOUTH, PO1 4BL",http://www.v3recruitment.com/,,"overture place 1f67417e-6478-4181-b983-256bcd02dfbc ('V3 Recruitment', PO1 4BL)","high (exact_postcode, score 100.0)",2025-09-30,Companies House accounts Accounts_Monthly_Data-June2026.zip / Prod224_2606_06758952_20250930.html
VENQUIS LIMITED,07405840,020 3405 2500,landline,46,78109 - Other activities of employment placement agencies,"SUITE 6, LEVEL 5 CITYPOINT, ONE ROPEMAKER STREET, LONDON, EC2Y 9AW",http://www.venquis.com/,,"overture place 51547264-3ee5-4bd9-b43d-58c08ea57729 ('Venquis', EC 4Y1)","high (exact_area, score 100.0)",2024-12-31,Companies House accounts Accounts_Monthly_Data-December2025.zip / Prod224_2512_07405840_20241231.html
AKKAR LIMITED,08955800,020 7993 8755,landline,45,78109 - Other activities of employment placement agencies,"10 HOVE BUSINESS CENTRE, HOVE, EAST SUSSEX, BN3 6HA",http://www.akkar.com/,,"overture place 90a02a47-3979-4700-9786-ff21f70cbc13 ('Akkar', BN3 6HA)","high (exact_postcode, score 100.0)",2025-03-31,Companies House accounts Accounts_Monthly_Data-December2025.zip / Prod224_2512_08955800_20250331.html
ERNEST GORDON RECRUITMENT LIMITED,10991975,0117 329 0100,landline,45,78109 - Other activities of employment placement agencies,"SUITE 1D, WHITEFRIARS, LEWINS MEAD, BRISTOL, BS1 2NT",https://www.ernestgordonrecruitment.com/,,"overture place f6234894-450c-42d6-9f8b-5e3228a03bcf ('Ernest Gordon Recruitment', BS1 2NT)","high (exact_postcode, score 100.0)",2025-10-31,Companies House accounts Accounts_Monthly_Data-March2026.zip / Prod224_2603_10991975_20251031.html
FIRST BASE EMPLOYMENT LIMITED,03591062,01453 755330,landline,45,78109 - Other activities of employment placement agencies; 78200 - Temporary employment agency activities,"CHARGROVE HOUSE, SHURDINGTON ROAD, CHELTENHAM, GLOUCESTERSHIRE, GL51 4GA",http://www.first-base.co.uk/,,"overture place 2d393322-e6ed-42d9-a9f8-fca90ae5545f ('First Base Employment', GL5 3AZ)","high (exact_area, score 100.0)",2025-07-31,Companies House accounts Accounts_Monthly_Data-April2026.zip / Prod224_2604_03591062_20250731.html
GOLDEN KEYS CARE AGENCY LTD,09197809,01702 617766,landline,45,78109 - Other activities of employment placement agencies,"112 ASHURST AVENUE, SOUTHEND-ON-SEA, SS2 4TD",https://goldenkeyscare.co.uk/,,"overture place 56951e85-4025-42bd-8619-672b4100fb4f ('Golden Keys Care Agency', SS1 2PQ)","high (exact_area, score 100.0)",2025-09-30,Companies House accounts Accounts_Monthly_Data-February2026.zip / Prod224_2602_09197809_20250930.html
HARRINGTON STARR LIMITED,07246003,020 3587 7007,landline,45,78109 - Other activities of employment placement agencies; 78200 - Temporary employment agency activities,"VINTNERS PLACE, 68 UPPER THAMES STREET, LONDON, EC4V 3BJ",http://www.harringtonstarr.com/,,"overture place 2977714c-3cb9-4bfe-9892-27b342aa389d ('Harrington Starr', EC4V 3BJ)","high (exact_postcode, score 100.0)",2024-12-31,Companies House accounts Accounts_Monthly_Data-December2025.zip / Prod224_2512_07246003_20241231.html
RECRUITMENT DIRECT LEOMINSTER LIMITED,06399396,01568 615262,landline,45,78109 - Other activities of employment placement agencies; 78200 - Temporary employment agency activities,"13-15 DRAPERS LANE, LEOMINSTER, HEREFORDSHIRE, HR6 8ND",http://www.recruitmentdirect.co.uk/,,"overture place da71712c-d5b3-41dc-9f62-88f506ac330e ('Recruitment Direct Leominster', HR6 8ND)","high (exact_postcode, score 100.0)",2025-03-31,Companies House accounts Accounts_Monthly_Data-December2025.zip / Prod224_2512_06399396_20250331.html
RESILIENCE PERSONNEL LTD,09482828,020 8064 2270,landline,45,78109 - Other activities of employment placement agencies,"SOPERS HOUSE SOPERS ROAD, CUFFLEY, POTTERS BAR, EN6 4RY",https://www.resiliencepersonnel.com,,"company website https://www.resiliencepersonnel.com/ (JSON-LD ""telephone"")",high (website verified: registered name + postcode on site),2025-03-31,Companies House accounts Accounts_Monthly_Data-December2025.zip / Prod224_2512_09482828_20250331.html
STAFFWAYS AGENCY LTD.,09683082,01767 306254,landline,45,78109 - Other activities of employment placement agencies; 78200 - Temporary employment agency activities; 79110 - Travel agency activities,"6 BUTE STREET, MANCHESTER, M40 9NY",https://www.staffwaysagency.co.uk,,company website https://www.staffwaysagency.co.uk/contact (tel: link),high (website verified: company number on site),2025-07-31,Companies House accounts Accounts_Monthly_Data-February2026.zip / Prod224_2602_09683082_20250731.html
FORTIS RECRUITMENT SOLUTIONS LIMITED,07598311,0118 986 0035,landline,44,78109 - Other activities of employment placement agencies,"87 SOUTHAMPTON STREET, READING, RG1 2QU",http://fr-solutions.co.uk/,,"overture place 8d7f6970-c873-4942-9009-baad2f910f90 ('Fortis Recruitment Solutions', RG1 2QU)","high (exact_postcode, score 100.0)",2025-04-30,Companies House accounts Accounts_Monthly_Data-January2026.zip / Prod224_2601_07598311_20250430.html
KEMP RECRUITMENT LIMITED,07210210,0331 630 1373,landline (non-geographic),44,78109 - Other activities of employment placement agencies; 78200 - Temporary employment agency activities,"3 TRINITY 3 TRINITY, 161 OLD CHRISTCHURCH ROAD, BOURNEMOUTH, DORSET, BH1 1JU",http://www.kemprecruitment.com/,,"overture place 39671c62-a017-4f1f-a7f1-9f6d83554542 ('Kemp Recruitment Ltd', BH1 1JU)","high (exact_postcode, score 100.0)",2025-03-31,Companies House accounts Accounts_Monthly_Data-December2025.zip / Prod224_2512_07210210_20250331.html
LSP RENEWABLES LIMITED,10543650,020 3905 6222,landline,44,78109 - Other activities of employment placement agencies; 78200 - Temporary employment agency activities; 78300 - Human resources provision and management of human resources functions,"IMPERIAL HOUSE, 21-25 NORTH STREET, BROMLEY, KENT, BR1 1SD",http://www.lsprenewables.com/,,"overture place c59c3d2d-6c01-46ef-9777-e4340c727d68 ('LSP Renewables', BR1 1SD)","high (exact_postcode, score 100.0)",2024-12-31,Companies House accounts Accounts_Monthly_Data-September2025.zip / Prod224_2509_10543650_20241231.html
MARKET 36 RECRUITMENT LIMITED,10778751,01376 316363,landline,44,78109 - Other activities of employment placement agencies; 78200 - Temporary employment agency activities,"2 RAYNE ROAD, BRAINTREE, ESSEX, CM7 2QH",http://www.market36.co.uk/,,"overture place 9ede4ac5-e404-4d04-8898-2f0d03b9299e ('Market 36 Recruitment', CM7 2QH)","high (exact_postcode, score 100.0)",2025-05-31,Companies House accounts Accounts_Monthly_Data-February2026.zip / Prod224_2602_10778751_20250531.html
ONE TO ONE PERSONNEL LIMITED,05292200,01702 464444,landline,44,"78101 - Motion picture, television and other theatrical casting activities; 78109 - Other activities of employment placement agencies; 78200 - Temporary employment agency activities; 78300 - Human resources provision and management of human resources functions","221 LEIGH ROAD, LEIGH-ON-SEA, SS9 1JA",http://www.onetoonepersonnel.co.uk/,,"overture place ce98bfa5-c645-4456-8155-fe9777bd1dd5 ('One to One Personnel', SS9 1JA)","high (exact_postcode, score 100.0)",2026-03-31,Companies House accounts Accounts_Monthly_Data-September2026.zip / Prod224_2609_05292200_20260331.html
NUROLE LTD,08917794,020 3637 1012,landline,44,78109 - Other activities of employment placement agencies,"66 PORCHESTER ROAD, LONDON, W2 6ET",https://www.nurole.com,,company website https://www.nurole.com/contact (tel: link),high (website verified: company number on site),2025-03-31,Companies House accounts Accounts_Monthly_Data-December2025.zip / Prod224_2512_08917794_20250331.html
TWENTYAI LTD,06689694,020 3189 4285,landline,44,78109 - Other activities of employment placement agencies,"COPTHALL HOUSE, 14-18 COPTHALL AVENUE, LONDON, EC2R 7DJ",https://www.twentyai.com,,company website https://www.twentyai.com/contact-us (tel: link),high (website verified: company number on site),2024-12-31,Companies House accounts Accounts_Monthly_Data-December2025.zip / Prod224_2512_06689694_20241231.html
FOUR CHAMBERS RECRUITMENT LIMITED,14750267,0151 305 6884,landline,43,78109 - Other activities of employment placement agencies,"LEVEL ONE, BASECAMP, 49 JAMAICA STREET, MERSEYSIDE, LIVERPOOL, L1 0AH",https://four-chambers.com/,,"overture place 054dd949-1f12-446a-847b-c7b6bc95fcb1 ('Four Chambers Recruitment', L3 9SJ)","high (exact_area, score 100.0)",2025-06-29,Companies House accounts Accounts_Monthly_Data-June2026.zip / Prod224_2606_14750267_20250629.html
HIREFUL LTD,03825406,01933 428991,landline,43,62012 - Business and domestic software development; 78109 - Other activities of employment placement agencies,"15-17 STRIXTON MANOR BUSINESS CENTRE, STRIXTON, WELLINGBOROUGH, NN29 7PA",https://www.hireful.com,,"overture place 3b9e485e-6af3-4a76-961c-3093801dd8a4 ('Hireful', NN29 7PA)","high (exact_postcode, score 100.0)",2026-03-31,Companies House accounts Accounts_Monthly_Data-July2026.zip / Prod224_2607_03825406_20260331.html
M & H CIVILS LIMITED,09340681,01375 394341,landline,43,43999 - Other specialised construction activities n.e.c.; 78109 - Other activities of employment placement agencies; 78200 - Temporary employment agency activities,"PRINCIPAL HOUSE GUARDIAN AVENUE, NORTH STIFFORD, GRAYS, RM16 5US",http://www.quirkdeakin.com/,,"overture place a785a582-4747-4951-b6aa-ec98460e4b0c ('M & H Civils Ltd.', RM17 5EB)","high (exact_area, score 100.0)",2025-12-31,Companies House accounts Accounts_Monthly_Data-September2026.zip / Prod224_2609_09340681_20251231.html
SAMUEL KNIGHT INTERNATIONAL LIMITED,08931964,0191 481 3620,landline,43,78109 - Other activities of employment placement agencies; 78200 - Temporary employment agency activities,"GROUND FLOOR, UNIT B CITY QUADRANT, WATERLOO SQUARE, NEWCASTLE UPON TYNE, TYNE AND WEAR, NE1 4DP",https://samuel-knight.com/,,"overture place c2b2baf0-6185-4675-8d70-cd605330b48f ('Samuel Knight International', NE1 4DP)","high (exact_postcode, score 100.0)",2025-12-30,Companies House accounts Accounts_Monthly_Data-September2026.zip / Prod224_2609_08931964_20251230.html
TOP CLASS RECRUITMENT LTD.,SC423478,01324 610096,landline,43,78109 - Other activities of employment placement agencies,"ANTONINE HUB, ANTONINE HOUSE, CALLENDAR BOULEVARD, FALKIRK, FK1 1XE",http://www.topclassrecruitment.co.uk/,,"overture place b14c9196-9e9d-4179-92dd-ab22b0192cd1 ('Top Class Recruitment', FK1 1XE)","high (exact_postcode, score 100.0)",2025-06-30,Companies House accounts Accounts_Monthly_Data-November2025.zip / Prod224_2511_SC423478_20250630.html
VINE RECRUITMENT SOLUTIONS LTD,10694147,01235 604952,landline,43,78109 - Other activities of employment placement agencies; 78200 - Temporary employment agency activities; 78300 - Human resources provision and management of human resources functions,"48 WANTAGE ROAD, DIDCOT, OXFORDSHIRE, OX11 0BT",http://www.vinerecruitmentsolutions.co.uk/,,"overture place 5f8a3e71-6533-4974-886e-49a7ad06faf1 ('Vine Recruitment Solutions', OX11 0BT)","high (exact_postcode, score 100.0)",2025-03-31,Companies House accounts Accounts_Monthly_Data-December2025.zip / Prod224_2512_10694147_20250331.html
EXPERTS GROUP INTERNATIONAL LIMITED,09930673,020 3928 8410,landline,43,78109 - Other activities of employment placement agencies,"6TH FLOOR, 60 MOORGATE, LONDON, LONDON, EC3N 6EJ",https://www.connectingexperts.com,,company website https://www.connectingexperts.com/contact (tel: link),high (website verified: company number on site),2025-04-30,Companies House accounts Accounts_Monthly_Data-January2026.zip / Prod224_2601_09930673_20250430.html
KPI RAIL & INFRASTRUCTURE LIMITED,13568023,01782 712230,landline,43,78109 - Other activities of employment placement agencies,"FOURTH AVENUE, CREWE, CHESHIRE, CW1 6XL",https://www.kpir.co.uk,,company website https://www.kpir.co.uk/contact-us (tel: link),high (website verified: company number on site),2025-12-31,Companies House accounts Accounts_Monthly_Data-September2026.zip / Prod224_2609_13568023_20251231.html
HANDS ON RECRUITMENT (NORMANTON) LIMITED,04021984,0113 270 4444,landline,42,78109 - Other activities of employment placement agencies,"215 DEWSBURY ROAD, BEESTON, LEEDS, WEST YORKSHIRE, LS11 5HZ",http://www.hands-on-recruitment.co.uk/,,"overture place 858d74cc-2427-436a-8b28-3880e920ca54 ('Hands on Recruitment Normanton', LS11 5HZ)","high (exact_postcode, score 100.0)",2025-11-30,Companies House accounts Accounts_Monthly_Data-July2026.zip / Prod224_2607_04021984_20251130.html
MEDIC FINDER LTD,12437216,020 3475 5611,landline,42,78109 - Other activities of employment placement agencies; 78200 - Temporary employment agency activities,"EAGLE HOUSE, 163 CITY ROAD, LONDON, EC1V 1NR",https://www.medicfinder.co.uk/,,"overture place 9ecee992-62ce-4fb0-9a70-4a0085fd1c01 ('Medic Finder', EC1V 1NR)","high (exact_postcode, score 100.0)",2025-12-31,Companies House accounts Accounts_Monthly_Data-September2026.zip / Prod224_2609_12437216_20251231.html
NEWBURY CARE LIMITED,13305425,01384 458379,landline,42,78109 - Other activities of employment placement agencies; 88100 - Social work activities without accommodation for the elderly and disabled,"2ND FLOOR, 193 WOLVERHAMPTON STREET, DUDLEY, WEST MIDLANDS, DY1 1DU",http://www.newburycareservices.com/,,"overture place b44f98de-9667-4ea2-a1ea-755cb0a15dd8 ('Newbury Care Services', DY1 1DU)","high (exact_postcode, score 100.0)",2025-03-31,Companies House accounts Accounts_Monthly_Data-January2026.zip / Prod224_2601_13305425_20250331.html
RAYMENT RECRUITMENT LIMITED,02936944,01245 492422,landline,42,78109 - Other activities of employment placement agencies; 78200 - Temporary employment agency activities,"4A TINDAL SQUARE, CHELMSFORD, CM1 1EH",http://www.rayment-recruitment.co.uk/,,"overture place aa4fa493-874e-4f58-87a5-08bd5a8a2f15 ('Rayment Recruitment', CM1 1EH)","high (exact_postcode, score 100.0)",2025-07-31,Companies House accounts Accounts_Monthly_Data-April2026.zip / Prod224_2604_02936944_20250731.html
GH ENGAGE LIMITED,12060276,020 3880 6867,landline,42,78109 - Other activities of employment placement agencies,"30 EASTCHEAP, 4TH FLOOR, LONDON, EC3M 1HD",https://ghengage.com,,company website https://ghengage.com/contact (tel: link),high (website verified: registered name + postcode on site),2025-03-31,Companies House accounts Accounts_Monthly_Data-May2025.zip / Prod224_2505_12060276_20250331.html
STANTON HOUSE LIMITED,07394702,020 3823 9300,landline,42,78109 - Other activities of employment placement agencies,"2ND FLOOR,, 25 CHRISTOPHER STREET, LONDON, EC2A 2BS",https://www.stantonhouse.com,,"company website https://www.stantonhouse.com/contact (JSON-LD ""telephone"")",high (website verified: company number on site),2025-12-31,Companies House accounts Accounts_Monthly_Data-March2026.zip / Prod224_2603_07394702_20251231.html
JOSEPH DOBSON & SONS (HOLDINGS) LIMITED,06275861,01422 372165,landline,41,64209 - Activities of other holding companies n.e.c.; 78109 - Other activities of employment placement agencies,"NORTHGATE, ELLAND, WEST YORKSHIRE, HX5 0RU",http://www.dobsons.co.uk/,,"overture place 5dc38c42-a9c4-4f08-a55f-53f820fa6a79 ('Joseph Dobson and Sons Ltd', HX5 0RU)","high (exact_postcode, score 100.0)",2025-06-30,Companies House accounts Accounts_Monthly_Data-December2025.zip / Prod224_2512_06275861_20250630.html
KORU KIDS LTD,10047637,020 8050 5678,landline,41,62012 - Business and domestic software development; 78109 - Other activities of employment placement agencies,"128 CITY ROAD, LONDON, EC1V 2NX",https://www.korukids.co.uk/nanny,,"overture place ec6209be-6715-408b-94d0-9cc0029b25ec ('Koru Kids', EC1V 2NX)","high (exact_postcode, score 100.0)",2025-12-31,Companies House accounts Accounts_Monthly_Data-March2026.zip / Prod224_2603_10047637_20251231.html
MARUSO RECRUITMENT LIMITED,15044707,0117 959 0218,landline,41,78109 - Other activities of employment placement agencies,"15 OXFORD STREET, WESTON-SUPER-MARE, BS23 1TD",http://www.marusorecruitment.co.uk/,,"overture place 6779c2e6-3680-47b7-bb31-5183505f7534 ('Maruso Recruitment', BS23 1TD)","high (exact_postcode, score 100.0)",2025-08-31,Companies House accounts Accounts_Monthly_Data-February2026.zip / Prod224_2602_15044707_20250831.html
3SEARCH LIMITED,09135328,020 4551 8800,landline,41,78109 - Other activities of employment placement agencies,"FORMAL HOUSE, 60 ST. GEORGES PLACE, CHELTENHAM, GLOUCESTERSHIRE, GL50 3PN",https://www.3searchgroup.com,,company website https://www.3searchgroup.com/contact-us (tel: link),high (website verified: company number on site),2025-12-31,Companies House accounts Accounts_Monthly_Data-September2026.zip / Prod224_2609_09135328_20251231.html
NK CARE LIMITED,12398448,020 3924 5071,landline,40,"78109 - Other activities of employment placement agencies; 78200 - Temporary employment agency activities; 87200 - Residential care activities for learning difficulties, mental health and substance abuse; 87300 - Residential care activities for the elderly and disabled","REGUS DAVIDSON HOUSE, THE FORBURY, READING, RG1 3EU",https://www.nkcare.co.uk/,,"overture place 99c86a20-14eb-4bbf-b1b0-2a1f3fd7b9f3 ('NK Care Limited', RG1 3EU)","high (exact_postcode, score 100.0)",2025-01-31,Companies House accounts Accounts_Monthly_Data-October2025.zip / Prod224_2510_12398448_20250131.html
OMNIA RESOURCING LTD,13710875,0333 577 7786,landline (non-geographic),40,78109 - Other activities of employment placement agencies,"GF-B4 VISTA CENTRE, 50 SALISBURY ROAD, HOUNSLOW, TW4 6JQ",http://www.omniaresourcing.co.uk/,,"overture place d0a8ec02-0049-4978-b215-969c3b38a0ec ('Omnia Resourcing', TW4 6JQ)","high (exact_postcode, score 100.0)",2025-12-31,Companies House accounts Accounts_Monthly_Data-September2026.zip / Prod224_2609_13710875_20251231.html
PEARSON WHIFFIN RECRUITMENT LIMITED,05274432,01795 432703,landline,40,78109 - Other activities of employment placement agencies,"MAIDSTONE STUDIOS, NEW CUT ROAD, MAIDSTONE, KENT, ME14 5NZ",https://www.pearsonwhiffin.co.uk,,"overture place e6110bac-dd17-40d2-abc3-0bf014c9a210 ('Pearson Whiffin Recruitment', ME10 3TB)","high (exact_area, score 100.0)",2026-03-31,Companies House accounts Accounts_Monthly_Data-September2026.zip / Prod224_2609_05274432_20260331.html
REMEDICARE STAFFING LIMITED,07364096,0118 309 4222,landline,40,78109 - Other activities of employment placement agencies,"2ND FLOOR IMPERIUM READING OFFICES, IMPERIAL WAY, READING, RG2 0TD",http://remedicare.co.uk/,,"overture place 52a9740d-f75c-4844-8c24-3a09cfea3565 ('Remedicare Staffing', RG2 0TD)","high (exact_postcode, score 100.0)",2025-12-31,Companies House accounts Accounts_Monthly_Data-August2026.zip / Prod224_2608_07364096_20251231.html
REUBEN SINCLAIR LTD,06280364,020 3826 1206,landline,40,78109 - Other activities of employment placement agencies,"124 CITY ROAD, LONDON, EC1V 2NX",http://www.reuben-sinclair.com/,,"overture place 81211f74-9e2b-4964-ba66-90304c757011 ('Reuben Sinclair', EC3R 6HD)","high (exact_area, score 100.0)",2025-09-30,Companies House accounts Accounts_Monthly_Data-June2026.zip / Prod224_2606_06280364_20250930.html
TOM ORANGE RECRUITMENT LTD,09820969,01933 223069,landline,40,78109 - Other activities of employment placement agencies; 78200 - Temporary employment agency activities,"BELGRADE BUSINESS CENTRE DENINGTON ROAD, DENINGTON INDUSTRIAL ESTATE, WELLINGBOROUGH, NN8 2QH",http://www.tomorange.co.uk/,,"overture place 53d71c74-3571-44f7-8c13-3a0ee8676e58 ('Tom Orange Recruitment', NN8 2QH)","high (exact_postcode, score 100.0)",2026-03-31,Companies House accounts Accounts_Monthly_Data-June2026.zip / Prod224_2606_09820969_20260331.html
