company_name,company_number,employees,sic_code,address,website_found,employees_period_end
COUNTRYWIDE PARTNERS LIMITED,10525473,200,78109 - Other activities of employment placement agencies,"SUITE 220A BUSINESS FIRST BUSINESS CENTRE, 25 GOODLASS ROAD, LIVERPOOL, L24 9HJ",,2024-12-31
STARRY CARE UK LIMITED,11165432,193,78109 - Other activities of employment placement agencies; 86900 - Other human health activities,"MARGARET POWELL HOUSE, MIDSUMMER BOULEVARD, MILTON KEYNES, MK9 3BN",,2025-03-31
F T RECRUIT MIDLANDS LIMITED,11974649,192,78109 - Other activities of employment placement agencies,"31 WEST STREET, SWADLINCOTE, DERBYSHIRE, DE11 9DN",,2025-05-31
PEOPLESCOUT LIMITED,05648039,192,73110 - Advertising agencies; 78109 - Other activities of employment placement agencies,"265 TOTTENHAM COURT ROAD, LONDON, W1T 7RQ",,2025-12-28
EXPRESS FREIGHT SOLUTIONS LTD,07948612,187,78109 - Other activities of employment placement agencies; 78300 - Human resources provision and management of human resources functions,"EFS GLOBAL, PENDLE HOUSE, PHOENIX WAY, BURNLEY, BB11 5SX",,2025-03-31
GET SKILLS EMPLOYMENT & TRAINING LTD,07083531,187,78109 - Other activities of employment placement agencies,"16TH FLOOR, HYLO, 105 BUNHILL ROW, LONDON, EC1Y 8LZ",,2025-03-31
SIGMA LIFE LIMITED,13218109,184,78109 - Other activities of employment placement agencies; 78200 - Temporary employment agency activities,"1 FOXGLOVE GARDENS, UPPER CALDECOTE, BIGGLESWADE, SG18 9FZ",,2025-02-28
WESTHEATH CARE HOMES (STAFFING) LTD,07793692,184,78109 - Other activities of employment placement agencies,"THE BARN,  CLANN HOUSE CLANN LANE, LANIVET, BODMIN, CORNWALL, PL30 5HD",,2025-10-31
BLUEWOOD RECRUITMENT LTD,06858800,181,78109 - Other activities of employment placement agencies; 78200 - Temporary employment agency activities,"GROUND FLOOR, 95 LONDON ROAD, LEICESTER, LE2 0PF",,2025-03-31
NEAVE EMPLOYMENT LIMITED,01097389,174,78109 - Other activities of employment placement agencies; 78200 - Temporary employment agency activities,"BOYCES BUILDING REGENT STREET, CLIFTON, BRISTOL, BS8 4HU",,2025-07-31
ALMR SERVICES LTD,12774905,173,78109 - Other activities of employment placement agencies; 78200 - Temporary employment agency activities,"3 KIRKBY ROAD, RAVENSHEAD, NOTTINGHAM, NG15 9HD",,2025-12-31
THE UNIVERSITY OF MANCHESTER CONFERENCES LIMITED,02660276,167,78109 - Other activities of employment placement agencies,"DIRECTORATE OF FINANCE, JOHN OWENS BUILDING, OXFORD ROAD, MANCHESTER, M13 9PL",,2025-07-31
MDE CONSULTANTS LTD,08110758,163,78109 - Other activities of employment placement agencies,"61 QUEEN SQUARE, BRISTOL, BS1 4JZ",,2025-12-31
APPLE RECRUITMENT BELFAST LTD,NI626244,162,78109 - Other activities of employment placement agencies,"CAUSEWAY TOWER, 9 JAMES STREET SOUTH, BELFAST, BT2 8DN",,2025-12-31
DH TEAM LTD,10636614,160,78109 - Other activities of employment placement agencies,"4 BEER ROAD, SEATON, EX12 2PA",,2026-03-31
STAFFORDSHIRE HEALTHCARE STAFFING LTD,08499878,160,78109 - Other activities of employment placement agencies,"THE OCTAGON BUILDING BEACONSIDE BUSINESS VILLAGE, WESTON ROAD, STAFFORD, ST18 0BF",,2025-05-31
EDUCATION BUSINESS SERVICES (STOKE) LIMITED,10020601,159,78109 - Other activities of employment placement agencies,"CAULDON CAMPUS, STOKE-ON-TRENT COLLEGE, STOKE ROAD, STOKE-ON-TRENT, ST4 2DG",,2025-07-31
FOX RECRUITMENT LINCS LTD,11833900,158,78109 - Other activities of employment placement agencies,"THE OLD VICARAGE, CHURCH CLOSE, BOSTON, PE21 6NA",,2025-02-28
AJ STAFFING SOLUTIONS LTD,12119011,156,78109 - Other activities of employment placement agencies; 78200 - Temporary employment agency activities,"8-10 SOUTH STREET, EPSOM, SURREY, KT18 7PF",,2025-12-31
ACE EMPLOYMENT LIMITED,13793963,154,78109 - Other activities of employment placement agencies,"UNIT 1 IMPACT PARK WILLENHALL LANE INDUS, WILLENHALL LANE, WALSALL, WEST MIDLANDS, WS3 2XN",,2024-12-31
MACK PERSONNEL LIMITED,09362507,154,78109 - Other activities of employment placement agencies,"MIDWAY HOUSE HERRICK WAY, STAVERTON TECHNOLOGY PARK, STAVERTON, CHELTENHAM, GLOUCESTERSHIRE, GL51 6TQ",,2025-09-30
CARE CREW HEALTHCARE LIMITED,13538496,150,78109 - Other activities of employment placement agencies; 78200 - Temporary employment agency activities,"ATLANTIC HOUSE GREENWOOD CLOSE, PONTPRENNAU, CARDIFF, CF23 8RD",,2025-07-31
HEADSTART RECRUITMENT LTD,13288337,150,78109 - Other activities of employment placement agencies; 78200 - Temporary employment agency activities,"1 HIGH STREET, SUTTON, SM1 1DF",,2025-07-31
INFRASTRUCTURE SUPPORT SOLUTIONS LIMITED,06253082,147,43290 - Other construction installation; 78109 - Other activities of employment placement agencies,"PURE OFFICES, SUITES 136 AND 137 LAKE VIEW DRIVE, ANNESLEY, NOTTINGHAM, NG15 0DT",,2025-03-31
FRANCIS & PARTNERS LIMITED,12353413,141,78109 - Other activities of employment placement agencies; 81299 - Other cleaning services,"5 FRINTON ROAD, LONDON, SW17 9EH",,2025-06-30
KNOCKDENE HEALTH CARE LTD,NI646493,138,78109 - Other activities of employment placement agencies,"1 CASTLE STREET, BALLYMENA, ANTRIM, BT43 7BT",,2025-06-30
SAAF SUPPLY LTD,10915018,138,78109 - Other activities of employment placement agencies; 78200 - Temporary employment agency activities,"12 CHURCHILL PARK, COLWICK, NOTTINGHAM, NG4 2HF",,2025-08-31
JOBS AND CO. LTD.,SC377324,136,78109 - Other activities of employment placement agencies,"82 BERKELEY STREET, GLASGOW, G3 7DS",,2025-07-31
CARING SERVICES (NW) LIMITED,07573585,135,78109 - Other activities of employment placement agencies,"30 BIRKENHEAD ROAD, HOYLAKE, WIRRAL, CH47 3BW",,2025-04-30
GG CHITURI LTD.,09035437,135,45112 - Sale of used cars and light motor vehicles; 49410 - Freight transport by road; 78109 - Other activities of employment placement agencies; 78200 - Temporary employment agency activities,"21 BOOTMAKER CRESCENT, RAUNDS, WELLINGBOROUGH, NN9 6FF",,2025-05-31
PROFESSIONAL RECRUITMENT STAFFING LTD,13137644,135,78109 - Other activities of employment placement agencies,"ROOM NUMBER 216.2, ALLIED HOUSE 29 TO 39 LONDON ROAD, TWICKENHAM, TW1 3SZ",,2025-06-30
ONESIXTY FUNDRAISING LIMITED,09149279,132,78109 - Other activities of employment placement agencies,"VICARAGE CHAMBERS, 9 PARK SQUARE EAST, LEEDS, LS1 2LH",https://www.onesixtyfundraising.com,2024-12-31
TP SELECT LIMITED,16312974,132,78109 - Other activities of employment placement agencies; 78200 - Temporary employment agency activities,"18 TESLA COURT INNOVATION WAY, LYNCH WOOD, PETERBOROUGH, CAMBRIDGESHIRE, PE2 6FL",,2026-03-31
MAY PERSONNEL LIMITED,08316525,131,78109 - Other activities of employment placement agencies,"UNIT 209B, LANSBURY ESTATE 102 LOWER GUILDFORD ROAD, KNAPHILL, WOKING, SURREY, GU21 2EP",,2026-03-31
PRIZE PLACEMENTS LIMITED,04165213,130,78109 - Other activities of employment placement agencies; 78200 - Temporary employment agency activities,"SUITE 301, THE COURTYARD 7 FRANCIS GROVE, WIMBLEDON, LONDON, SW19 4DW",,2025-03-31
HRC ENGINEERING AND RESOURCES INTERNATIONAL LIMITED,11391049,127,78109 - Other activities of employment placement agencies; 78200 - Temporary employment agency activities; 78300 - Human resources provision and management of human resources functions,"FRANCIS COURT MARIS LANE, TRUMPINGTON, CAMBRIDGE, CB2 9LG",,2025-05-31
STAFFCALL UK LIMITED,08120711,125,78109 - Other activities of employment placement agencies,"BRIDGE HOUSE, 41 WINCOLMLEE, HULL, HU2 8AG",,2025-06-30
PP RECRUITMENT HOLDINGS LIMITED,15816316,123,78109 - Other activities of employment placement agencies,"17 ST HELENS PLACE, PP RECRUITMENT HOLDINGS LIMITED, LONDON, EC3A 6DG",,2025-10-31
SMR FACILITIES MANAGEMENT LIMITED,08988471,121,78109 - Other activities of employment placement agencies; 78200 - Temporary employment agency activities,"FAIRMAN HARRIS, 1 LANDOR ROAD,, LONDON, SW9 9RX",,2025-03-31
HR RECRUITMENT SERVICES LIMITED,06789638,120,78109 - Other activities of employment placement agencies; 78200 - Temporary employment agency activities,"3RD FLOOR SUITE, 207 REGENT STREET, LONDON, W1B 3HH",,2025-08-31
LEGACY HOMECARE LIMITED,11566223,120,78109 - Other activities of employment placement agencies,"PURE OFFICES, PLATO CLOSE, LEAMINGTON SPA, CV34 6WE",,2025-03-31
SUBURBAN INNS PEOPLE LIMITED,12528673,118,78109 - Other activities of employment placement agencies,"SUITE A 82 JAMES CARTER ROAD, MILDENHALL, BURY ST. EDMUNDS, IP28 7DE",,2025-03-31
CREW STAR LTD,09974345,116,47190 - Other retail sale in non-specialised stores; 78109 - Other activities of employment placement agencies,"58 NEW BEDFORD ROAD, LUTON, LU1 1SH",,2025-01-31
REQUSYOL LTD,12121221,116,78109 - Other activities of employment placement agencies; 78200 - Temporary employment agency activities; 82990 - Other business support service activities n.e.c.,"UNIMIX HOUSE 2ND FLOOR  SUITE 23, ABBEY ROAD, PARK ROYAL, LONDON, NW10 7TR",,2025-07-31
MARKETSMART LIMITED,04282143,113,46190 - Agents involved in the sale of a variety of goods; 78109 - Other activities of employment placement agencies; 78200 - Temporary employment agency activities; 82990 - Other business support service activities n.e.c.,"1, TEMPLER HOUSE, SCOTT CLOSE, NEWTON ABBOT, DEVON, TQ12 1GJ",,2025-09-30
ORKA HOLDINGS LTD,15557230,112,63990 - Other information service activities n.e.c.; 78109 - Other activities of employment placement agencies; 78200 - Temporary employment agency activities,"VANGUARD HOUSE MERCHANTS QUAY, SALFORD QUAYS, MANCHESTER, M50 3ST",,2025-03-31
ON LINE PEOPLE LIMITED,07987343,111,78109 - Other activities of employment placement agencies; 78200 - Temporary employment agency activities,"ON LINE HOUSE, PELHAM ROAD, IMMINGHAM, NORTH EAST LINCOLNSHIRE, DN40 1AB",,2025-03-31
RDL SCIENTIFIC LIMITED,03172164,109,78109 - Other activities of employment placement agencies,"13/29 CITY BUSINESS CENTRE, HYDE STREET, WINCHESTER, HAMPSHIRE, SO23 7TA",,2025-06-30
ST PANCRAS HOTEL SERVICES LTD,11091478,107,78109 - Other activities of employment placement agencies; 82990 - Other business support service activities n.e.c.,"DERBYSHIRE HOUSE, ST. CHAD'S STREET, LONDON, WC1H 8AG",,2025-03-31
ALCALINE DRIVER SERVICES LIMITED,05336603,106,78109 - Other activities of employment placement agencies,"UNIT S3 LYMPNE INDUSTRIAL ESTATE, OTTERPOOL LANE, LYMPNE HYTHE, KENT, CT21 4LR",,2024-12-31
CONCEPT TECHNICAL RESOURCES LIMITED,03734079,106,78109 - Other activities of employment placement agencies; 82990 - Other business support service activities n.e.c.,"T1 DUDLEY COURT NORTH THE WATERFRONT, LEVEL STREET, BRIERLEY HILL, DY5 1XP",,2025-05-31
OPTIMUM GROUP EMPLOYMENT LIMITED,15847131,104,78109 - Other activities of employment placement agencies,"21 HATTON GARDEN, LIVERPOOL, L3 2FE",,2025-08-31
DCS GENERAL TRADING LTD,09832218,102,78109 - Other activities of employment placement agencies; 78200 - Temporary employment agency activities; 81222 - Specialised cleaning services,"2ND FLOOR, 128-130 SEVEN SISTERS ROAD, ISLINGTON, LONDON, N7 7NS",,2025-03-31
TINIES CHILDCARE BERKSHIRE NURSERIES LTD,06542407,102,78109 - Other activities of employment placement agencies,"7 ST JOHN'S ROAD, HARROW, MIDDLESEX, HA1 2EY",,2025-06-30
GLOBAL PEOPLE UK LIMITED,14356784,100,78109 - Other activities of employment placement agencies,"2 NEW BAILEY, 6 STANLEY STREET, SALFORD, MANCHESTER, M3 5GS",,2025-12-31
TINIES (YORKS AND NORTH EAST) LIMITED,10959314,100,78109 - Other activities of employment placement agencies,"5 ASPIN WAY, KNARESBOROUGH, NORTH YORKSHIRE, HG5 8HL",,2025-09-30
VITIS CARE UK LIMITED,12981175,100,78109 - Other activities of employment placement agencies,"WELLESLEY HOUSE, 204 LONDON ROAD, WATERLOOVILLE, PO7 7AN",,2024-10-31
TAXNSAVE LTD,09396874,97,78109 - Other activities of employment placement agencies,"WEATHERHILL HOUSE, 23 WHITESTONE WAY, CROYDON, CR0 4WF",,2025-01-31
MANUELLA CARE LIMITED,08309863,96,78109 - Other activities of employment placement agencies; 88100 - Social work activities without accommodation for the elderly and disabled,"SOUTHGATE OFFICE VILLAGE, BLOCK E, 286A CHASE ROAD, LONDON, N14 6HF",,2025-11-30
CC RECRUITMENT AND TRAINING SERVICES LIMITED,09852185,95,78109 - Other activities of employment placement agencies; 88910 - Child day-care activities,"167-169 GREAT PORTLAND STREET, 5TH FLOOR, LONDON, W1W 5PF",,2024-11-30
EURO LONDON APPOINTMENTS LIMITED,03010718,95,78109 - Other activities of employment placement agencies; 78200 - Temporary employment agency activities,"18 THE BROADWAY, EAST LANE, WEMBLEY, MIDDLESEX, HA9 8JU",,2025-12-31
BLW RECRUITMENT LTD,13326423,94,78109 - Other activities of employment placement agencies; 78200 - Temporary employment agency activities,"CAMBRIDGE HOUSE CAMBORO BUSINESS PARK, GIRTON, CAMBRIDGE, CAMBRIDGESHIRE, CB3 0QH",,2025-04-30
OASIS WORKFORCE SOLUTIONS LIMITED,13365723,94,78109 - Other activities of employment placement agencies,"24-32 MURDOCK STREET, LONDON, SE15 1LW",,2025-03-31
TW EDUCATION LIMITED,13663224,94,78109 - Other activities of employment placement agencies; 96090 - Other service activities n.e.c.,"465 OLDHAM RD, ROCHDALE, OL16 4TD",,2025-10-31
WF HR AND FLEET MANAGEMENT LTD,14712693,93,77110 - Renting and leasing of cars and light motor vehicles; 78109 - Other activities of employment placement agencies; 78200 - Temporary employment agency activities,"32-33 FOREST BUSINESS PARK ARGALL AVENUE, LEYTON, LONDON, E10 7FB",,2025-03-31
UK2 MANAGEMENT LIMITED,15797960,92,78109 - Other activities of employment placement agencies,"40A MANOR ROAD, POTTERS BAR, EN6 1DQ",,2025-06-30
CUBED RESOURCING LTD,08291746,91,78109 - Other activities of employment placement agencies; 78200 - Temporary employment agency activities,"SALTS MILL VICTORIA ROAD, SALTAIRE, SHIPLEY, BD18 3LF",,2025-12-31
QUBE RECRUITMENT LIMITED,08170016,91,78109 - Other activities of employment placement agencies,"TC GROUP 6TH FLOOR KINGS HOUSE, 9 - 10 HAYMARKET, LONDON, SW1Y 4BP",,2025-12-31
ASTRA GLOBAL SOLUTIONS LTD,11697401,90,78109 - Other activities of employment placement agencies; 78200 - Temporary employment agency activities; 78300 - Human resources provision and management of human resources functions; 96090 - Other service activities n.e.c.,"3RD FLOOR, 86-90 PAUL STREET, LONDON, EC2A 4NE",,2025-12-30
HARNHAM SEARCH AND SELECTION LIMITED,05723485,90,78109 - Other activities of employment placement agencies,"3RD FLOOR, MELBURY HOUSE, 51 WIMBLEDON HILL ROAD, WIMBLEDON, LONDON, SW19 7QW",,2025-11-30
ESTATE INDUSTRIAL LIMITED,09836058,87,78109 - Other activities of employment placement agencies,"UNIT 11/12 HALL FARM, SYWELL AERODROME, SYWELL, NORTHAMPTONSHIRE, NN6 0BN",,2025-12-31
R RECRUITS LIMITED,14926278,87,78109 - Other activities of employment placement agencies,"UNIT B1 GRAYLAW INDUSTRIAL ESTATE, WAREING ROAD, LIVERPOOL, L9 7AU",,2025-06-30
SCI-TEMPS LIMITED,03409444,87,78109 - Other activities of employment placement agencies; 78200 - Temporary employment agency activities,"THE ENTERPRISE CENTRE, CORPORATION STREET, TAMWORTH, B79 7DN",,2025-07-31
SHEZ RECRUITMENT LTD,12364535,87,78109 - Other activities of employment placement agencies,"124 CITY ROAD, LONDON, EC1V 2NX",,2025-12-31
OMNI RESOURCE MANAGEMENT SOLUTIONS LIMITED,03278470,86,78109 - Other activities of employment placement agencies,"CHARTER HOUSE, WOODLANDS ROAD, ALTRINCHAM, CHESHIRE, WA14 1HF",,2026-02-28
OPAL RECRUITMENT SERVICES LTD,13977008,85,78109 - Other activities of employment placement agencies,"SHERWOOD HOUSE, 7 GREGORY BOULEVARD, NOTTINGHAM, NG7 6LB",,2025-03-31
OVATIONS UMBRELLA LIMITED,12462309,85,78109 - Other activities of employment placement agencies,"11 RAMBLER LANE, SLOUGH, SL3 7RR",,2025-02-28
BUSINESS 2 BUSINESS (RSC) LIMITED,13422604,84,78109 - Other activities of employment placement agencies,"AQUIS HOUSE, 211 BELGRAVE GATE, LEICESTER, LE1 3HT",,2025-03-31
INTSOL RECRUITMENT LIMITED,07647610,84,78109 - Other activities of employment placement agencies,"1 KINGS AVENUE, LONDON, N21 3NA",,2024-10-31
TINIES CHILDCARE HERTS AND BUCKS LIMITED,06280043,84,78109 - Other activities of employment placement agencies,"7 ST. JOHNS ROAD, HARROW, MIDDLESEX, HA1 2EY",,2025-06-30
OTL STAFFING LTD,13560034,83,43999 - Other specialised construction activities n.e.c.; 78109 - Other activities of employment placement agencies; 78200 - Temporary employment agency activities; 96090 - Other service activities n.e.c.,"71-75 SHELTON STREET, COVENT GARDEN, LONDON, WC2H 9JQ",https://otlstaffing.co.uk,2025-08-31
PSR STAFFING SOLUTIONS LTD,14958169,83,78109 - Other activities of employment placement agencies,"PROSPECT HOUSE STAFFORD ROAD, DUNSTON, STAFFORD, ST18 9AB",,2025-03-31
THIS WORKS EOR SERVICES LIMITED,13968158,83,78109 - Other activities of employment placement agencies,"RRS, 5, CENTRE COURT, MERIDIAN NORTH, LEICESTER, LE19 1WD",,2024-12-31
AMOUR RECRUITMENT SOLUTIONS LTD,08718833,82,78109 - Other activities of employment placement agencies,"1B LANCER HOUSE, HUSSAR COURT, WATERLOOVILLE, HAMPSHIRE, PO7 7SE",,2025-12-31
CORNHILL BOND CONSULTING LIMITED,12075967,82,78109 - Other activities of employment placement agencies,"1ST FLOOR, 46 BOW LANE, LONDON, EC4M 9DL",,2025-06-30
ANSHLAR LIMITED,13017322,81,78109 - Other activities of employment placement agencies,"450 BROOK DRIVE, READING, RG2 6UU",,2025-11-30
JSS SEARCH LIMITED,08807205,81,78109 - Other activities of employment placement agencies,"3 MORE LONDON RIVERSIDE, LONDON, SE1 2RE",https://thejssgroup.com,2025-12-31
THE STAFFROOM AGENCY LTD,09011344,81,78109 - Other activities of employment placement agencies,"15 TOWCESTER ROAD, OLD STRATFORD, MILTON KEYNES, BUCKINGHAMSHIRE, MK19 6AN",,2025-08-31
GLOBAL RECRUITMENT GROUP LTD,SC514140,79,78109 - Other activities of employment placement agencies,"ROBB FERGUSON 3RD FLOOR, 70 WEST REGENT STREET, GLASGOW, G2 2QZ",,2025-11-30
MANNING GLOBAL LIMITED,04305565,79,78109 - Other activities of employment placement agencies,"13 LIVERPOOL ROAD NORTH, MAGHULL, MERSEYSIDE, L31 2HB",,2024-12-31
PULSE PERSONNEL LIMITED,05137336,78,78109 - Other activities of employment placement agencies,"5 BARNFIELD CRESCENT, EXETER, DEVON, EX1 1RF",,2025-05-31
SHAN CARE24 LTD,13542657,78,78109 - Other activities of employment placement agencies; 82990 - Other business support service activities n.e.c.,"IVECO HOUSE, THE JUNCTION, STATION ROAD, WATFORD, WD17 1ET",,2025-08-31
BRYLEE HEALTHCARE LTD,11753004,77,78109 - Other activities of employment placement agencies; 78200 - Temporary employment agency activities,"42 HALFMOAT MANOR, CHESHUNT, WALTHAM CROSS, HERTFORDSHIRE, EN7 5GA",,2025-01-31
INDUSTRIAL LABOUR LIMITED,11260504,77,78109 - Other activities of employment placement agencies,"CREATE BUSINESS HUB, GROUND FLOOR 5 RAYLEIGH ROAD, HUTTON, BRENTWOOD, ESSEX, CM13 1AB",,2024-12-31
CASSIUS HEALTHCARE LIMITED,12365075,76,78109 - Other activities of employment placement agencies; 78200 - Temporary employment agency activities,"178 HARROGATE ROAD, CHAPEL ALLERTON, LEEDS, LS7 4NZ",,2024-12-31
FINCH SUPPORT SERVICES LTD,09684032,76,78109 - Other activities of employment placement agencies; 88100 - Social work activities without accommodation for the elderly and disabled; 88990 - Other social work activities without accommodation n.e.c.,"FLAT 3, 41 FOXLEY LANE, PURLEY, CR8 3EH",,2025-07-31
I & F LIMITED,05166983,76,78109 - Other activities of employment placement agencies; 85410 - Post-secondary non-tertiary education; 85600 - Educational support services,"17 MOOR PARK AVENUE, PRESTON, PR1 6AS",,2025-03-31
EC PERSONNEL LTD,10600996,75,78109 - Other activities of employment placement agencies,"NORFOLK HOUSE, 22-24 MARKET PLACE, SWAFFHAM, NORFOLK, PE37 7QH",,2026-02-28
JOBSTORE UK LTD,16334585,75,78109 - Other activities of employment placement agencies; 78200 - Temporary employment agency activities,"167 167 TO 169 GREAT PORTLAND STREET, 5TH FLOOR, LONDON, W1W 5PF",,2026-03-31
LILAC ALLIANCE LTD,14979102,75,78109 - Other activities of employment placement agencies,"BANK HOUSE, MARSHALL TERRACE, LEEDS, LS15 8EA",,2025-09-30
LOUTH-W CARE LIMITED,12758013,75,78109 - Other activities of employment placement agencies; 87100 - Residential nursing care facilities,"THE HICA GROUP HESSLEWOOD COUNTRY BUSINESS PARK, FERRIBY ROAD, HESSLE, EAST YORKSHIRE, HU13 0LH",,2025-03-31
P&P PATEL LTD,11663384,75,78109 - Other activities of employment placement agencies; 78200 - Temporary employment agency activities,"UNIT 118, 328-334 MOLESEY ROAD, WALTON-ON-THAMES, KT12 3LT",,2026-03-31
WE GOOD CARE LTD,12302406,75,78109 - Other activities of employment placement agencies,"DELTA HOUSE, 16 BRIDGE ROAD, HAYWARDS HEATH, WEST SUSSEX, RH16 1UA",,2025-11-30
TREAL CARE UK LIMITED,11192588,74,78109 - Other activities of employment placement agencies,"20-22 NORTH STREET, HORNCHURCH, RM11 1QX",,2025-02-28
VIKING MARITIME GROUP LIMITED,02340526,74,78109 - Other activities of employment placement agencies,"VIKING HOUSE BEECHWOOD BUSINESS PARK, MENZIES ROAD, DOVER, KENT, CT16 2FG",,2023-12-31
ARTHUR FINANCIAL LIMITED,07210819,73,78109 - Other activities of employment placement agencies; 78200 - Temporary employment agency activities,"80 LEADENHALL STREET, LONDON, EC3A 3DH",,2024-12-31
IMPACT TEACHERS LIMITED,05624051,73,78109 - Other activities of employment placement agencies,"10 ST. ANN STREET, SALISBURY, SP1 2DN",,2025-07-31
SOUNDWAVE RECRUITMENT SOLUTIONS LIMITED,09344737,73,78109 - Other activities of employment placement agencies; 78200 - Temporary employment agency activities; 88100 - Social work activities without accommodation for the elderly and disabled,"GROUND FLOOR CENTENARY HOUSE, PENINSULA PARK, RYDON LANE, EXETER, EX2 7XE",,2024-12-31
HALCYON CARE (GLOUCESTERSHIRE) LTD,13145833,72,78109 - Other activities of employment placement agencies,"HUB8 MX, OFF CHESTER WALK, CHELTENHAM, GLOUCESTERSHIRE, GL50 3JZ",,2025-03-31
JAK IMAGING AND MEDICAL SOLUTIONS LIMITED,08916843,72,78109 - Other activities of employment placement agencies; 78200 - Temporary employment agency activities; 86900 - Other human health activities,"56 CRABBE STREET, IPSWICH, IP4 5HS",,2025-02-28
MACKINNON BRUCE LIMITED,08100701,72,78109 - Other activities of employment placement agencies,"PARK ROW HOUSE, PARK ROW, LEEDS, LS1 5JF",,2025-12-31
ASSET ASSOCIATES LIMITED,10237816,70,78109 - Other activities of employment placement agencies,"OFFICE 1 DATA HOUSE, LAKE STREET, STOCKPORT, SK2 7NU",,2026-03-31
INFOPLUS TECHNOLOGIES UK LIMITED,06449339,70,62020 - Information technology consultancy activities; 78109 - Other activities of employment placement agencies; 78200 - Temporary employment agency activities,"2ND FLOOR, 39, LUDGATE HILL, LONDON, EC4M 7JN",,2025-03-31
STRM LTD,15348461,70,78109 - Other activities of employment placement agencies; 78200 - Temporary employment agency activities; 82990 - Other business support service activities n.e.c.,"117 DARTFORD RD, DARTFORD, KENT, DA1 3EN",,2025-12-31
BOOTH FASHION SERVICES LIMITED,14235224,69,78109 - Other activities of employment placement agencies,"CHARNWOOD ACCOUNTANTS THE POINT, GRANITE WAY, MOUNTSORREL, LOUGHBOROUGH, LEICESTERSHIRE, LE12 7TZ",,2026-03-31
BECS UK LIMITED,06176819,68,70229 - Management consultancy activities other than financial management; 78109 - Other activities of employment placement agencies,"43 UPTON LANE, FOREST GATE, LONDON, E7 9PA",,2025-03-31
JM WORKFORCE SERVICES LTD,13845138,68,70229 - Management consultancy activities other than financial management; 78109 - Other activities of employment placement agencies; 78200 - Temporary employment agency activities; 88990 - Other social work activities without accommodation n.e.c.,"THE OLD RECTORY, DBS MANAGED OFFICES MAIN STREET, GLENFIELD, LEICESTER, LE3 8DG",,2025-01-31
ORIEL PLACEMENTS LTD,10967516,68,78109 - Other activities of employment placement agencies; 88990 - Other social work activities without accommodation n.e.c.,"1A TUN LANE, SOUTH HIENDLEY, BARNSLEY, S72 9BZ",,2025-03-31
JAM RECRUITMENT LIMITED,05052190,67,78109 - Other activities of employment placement agencies,"PURE OFFICES CHEADLE, SUITE 42 BROOKS DRIVE, CHEADLE ROYAL BUSINESS PARK, CHEADLE, SK8 3TD",,2025-03-31
NISI ENTERPRISES LIMITED,06041259,67,70100 - Activities of head offices; 78109 - Other activities of employment placement agencies,"BUSINESS BOX 2 OSWIN ROAD, BRAILSFORD INDUSTRIAL ESTATE, LEICESTER, LEICESTERSHIRE, LE3 1HR",,2025-03-31
RECRUIT4STAFF (NW) LIMITED,12374006,67,78109 - Other activities of employment placement agencies; 78200 - Temporary employment agency activities,"RICHMOND HOUSE SANDPIPER COURT, CHESTER BUSINESS PARK, CHESTER, CH4 9QZ",,2025-04-30
BUILD RECRUITMENT LIMITED,07280283,66,78109 - Other activities of employment placement agencies,"24 PICTON HOUSE, HUSSAR COURT, WATERLOOVILLE, HAMPSHIRE, PO7 7SQ",,2025-12-31
DH OXFORDSHIRE LIMITED,10700709,66,78109 - Other activities of employment placement agencies,"HERSTON CROSS HOUSE, 230 HIGH STREET, SWANAGE, DORSET, BH19 2PQ",,2024-10-31
HATTY BLUE RECRUITMENT LIMITED,06506764,66,78109 - Other activities of employment placement agencies,"C/O NUMBERMILL FOCUS 31 EAST WING, MARK ROAD, HEMEL HEMPSTEAD, HP2 7BW",,2026-03-31
MUSTAFA FAMILY LTD,11626767,66,78109 - Other activities of employment placement agencies; 78200 - Temporary employment agency activities,"DRIVER HIRE SOUTHAMPTON, 40 CHAMBERLAYNE ROAD, EASTLEIGH, SO50 5JH",,2026-03-31
TECHNICAL PROFESSIONALS LIMITED,06161067,65,78109 - Other activities of employment placement agencies; 85410 - Post-secondary non-tertiary education; 85600 - Educational support services,"THE COPPER ROOM, DEVA CENTRE, TRINITY WAY, SALFORD, M3 7BG",,2025-02-28
HUNTERS RECRUITMENT & TRAINING LIMITED,06858372,64,78109 - Other activities of employment placement agencies; 78200 - Temporary employment agency activities,"70 MARINE PARADE, WORTHING, BN11 3QB",,2025-03-31
HALCYON CARE (CUMBRIA) LTD,15099759,63,78109 - Other activities of employment placement agencies,"5 LOW GARTH, KENDAL, LA9 5NZ",,2026-08-31
LABOUR-TECH RECRUITMENT LIMITED,04955741,63,78109 - Other activities of employment placement agencies,"FORA 20, STATION ROAD, CAMBRIDGE, CB1 2JD",,2025-03-31
PEOPLE FIRST (RECRUITMENT) LIMITED,03411568,63,78109 - Other activities of employment placement agencies,"3RD FLOOR, 86 - 90 PAUL STREET, LONDON, EC2A 4NE",,2025-12-31
THE HOLLAND GROUP (DARTMOUTH) SERVICES LIMITED,15800652,63,64205 - Activities of financial services holding companies; 78109 - Other activities of employment placement agencies,"C/O WESTCOTTS PLYM HOUSE, 3 LONGBRIDGE ROAD, MARSH MILLS, PLYMOUTH, DEVON, PL6 8LT",,2025-03-30
ALLIED & CLINICAL RECRUITMENTS LIMITED,07019322,62,78109 - Other activities of employment placement agencies; 78200 - Temporary employment agency activities; 97000 - Activities of households as employers of domestic personnel,"REGUS MANCHESTER BUSINESS PARK, 3000 AVIATOR WAY, MANCHESTER, M22 5TG",,2025-03-31
APEX EDUCATION TRAINING LTD,08672709,62,78109 - Other activities of employment placement agencies; 78200 - Temporary employment agency activities,"NUCLEUS CENTRE, THE BRIDGE, DARTFORD, KENT, DA1 5GA",,2025-07-31
INTERPID CARE & SUPPORT LIMITED,10912408,62,"78109 - Other activities of employment placement agencies; 87200 - Residential care activities for learning difficulties, mental health and substance abuse; 87300 - Residential care activities for the elderly and disabled; 88100 - Social work activities without accommodation for the elderly and disabled","72 ALMA STREET, ALMA STREET, LEICESTER, LE3 9FA",,2025-08-31
JORECRUITMENT LIMITED,04003423,62,78109 - Other activities of employment placement agencies; 78200 - Temporary employment agency activities,"INTERNATIONAL HOUSE, 36-38 CORNHILL, LONDON, EC3V 3NG",,2025-05-31
KAEDI RECRUITMENT AGENCY LTD,07134642,62,78109 - Other activities of employment placement agencies; 78200 - Temporary employment agency activities; 88990 - Other social work activities without accommodation n.e.c.,"UNIT 10 DANCASTLE COURT, 14 ARCADIA AVENUE, LONDON, N3 2JU",,2025-01-31
REACH MANPOWER LTD,13637886,62,78109 - Other activities of employment placement agencies; 78200 - Temporary employment agency activities,"62 RUGBY AVENUE, WEMBLEY, HA0 3DJ",,2025-09-30
SABIVALLEY LTD.,10197550,62,70229 - Management consultancy activities other than financial management; 73110 - Advertising agencies; 78109 - Other activities of employment placement agencies; 86900 - Other human health activities,"63 MOSSES FARM ROAD, LONGRIDGE, PRESTON, PR3 2BG",,2025-05-31
SKUAD UK LIMITED,13493767,62,78109 - Other activities of employment placement agencies,"50 SEYMOUR STREET, LONDON, W1H 7JG",,2024-12-31
SENKOUN HEALTHCARE WAKERING LTD,15148446,61,78109 - Other activities of employment placement agencies; 87100 - Residential nursing care facilities; 87900 - Other residential care activities n.e.c.,"8 MADEIRA AVENUE, LEIGH-ON-SEA, ESSEX, SS9 3EB",,2025-09-30
SILVERWOOD ASSETS LIMITED,10901426,61,78109 - Other activities of employment placement agencies,"KINGSGATE HOUSE NORTH WING, GROUND FLOOR, NEWBURY ROAD, ANDOVER, SP10 4DU",,2025-06-30
SPRINTING FROG PAYROLL SERVICES LTD,13468543,61,78109 - Other activities of employment placement agencies,"UNIT 1 HORSEFAIR ROAD, WATERTON INDUSTRIAL ESTATE, BRIDGEND, CF31 3YN",,2025-03-31
FASTLINE RECRUITMENT LIMITED,15512814,60,78109 - Other activities of employment placement agencies; 78200 - Temporary employment agency activities,"6 WOODMANTON CLOSE, CLIFTON UPON TEME, WORCESTER, WR6 6DG",,2026-02-28
PROMITTERE RECRUITMENT LIMITED,13628823,60,78109 - Other activities of employment placement agencies,"36 GROVE HALL COURT, HALL ROAD, LONDON, GREATER LONDON, NW8 9NR",,2025-09-30
JPM LABOUR SERVICES LIMITED,05405695,59,78109 - Other activities of employment placement agencies,"32 PINCHBECK ROAD, SPALDING, PE11 1QD",,2025-04-30
INTEGRATED HOSPITALITY SOLUTIONS LTD,09352788,58,78109 - Other activities of employment placement agencies,"UNIT 1 LEGACY HOUSE HANWORTH TRADING ESTATE, HAMPTON ROAD WEST, FELTHAM, MIDDLESEX, TW13 6DH",,2025-03-31
ESPRIT SPA RECRUITMENT LTD,10537116,57,78109 - Other activities of employment placement agencies; 78200 - Temporary employment agency activities,"STATION HOUSE, STATION ROAD, RUGELEY, STAFFORDSHIRE, WS15 3HA",,2025-12-31
STEP AHEAD SOCIAL ENTERPRISE COMMUNITY INTEREST COMPANY,06668975,57,78109 - Other activities of employment placement agencies,"HEATHERLANDS FELCOT ROAD, FELBRIDGE, EAST GRINSTEAD, RH19 2PX",,2025-12-30
TOP FLIGHT RECRUITMENT LTD.,01367823,57,78109 - Other activities of employment placement agencies,"3 BROOK BUSINESS CENTRE, COWLEY MILL ROAD, UXBRIDGE, MIDDLESEX, UB8 2FX",,2025-03-31
GYPSEY EMPLOYMENT AGENCY LTD,04500667,56,78109 - Other activities of employment placement agencies,"32 THE CRESCENT, SPALDING, LINCOLNSHIRE, PE11 1AF",,2026-03-31
KEEN THINKING LIMITED,04012805,56,78109 - Other activities of employment placement agencies,"THE ASPEN BUILDING, VANTAGE POINT BUSINESS VILLAGE, MITCHELDEAN, GLOUCESTERSHIRE, GL17 0DD",,2025-03-31
SYSTEMSACCOUNTANTS LIMITED,03397753,56,78109 - Other activities of employment placement agencies,"PERIO MILL, FOTHERINGHAY, PETERBOROUGH, PE8 5HU",,2025-07-31
VAL WADE RECRUITMENT LTD,13242886,56,78109 - Other activities of employment placement agencies,"WEST HILL HOUSE ALLERTON HILL, CHAPEL ALLERTON, LEEDS, WEST YORKSHIRE, LS7 3QB",,2025-03-31
FIRST CLASS MANAGEMENT SERVICES LTD,16400565,55,62020 - Information technology consultancy activities; 70229 - Management consultancy activities other than financial management; 78109 - Other activities of employment placement agencies; 81100 - Combined facilities support activities,"UNIT 41 CARIOCCA BUSINESS PARK, 2 SAWLEY ROAD, MILES PLATTING, MANCHESTER, M40 8BB",,2026-04-30
R&V GROUP LTD,13288539,55,56302 - Public houses and bars; 77110 - Renting and leasing of cars and light motor vehicles; 77341 - Renting and leasing of passenger water transport equipment; 78109 - Other activities of employment placement agencies,"UNIT 6, VENTURE PARK, KETTERING, NN15 6WJ",,2025-03-31
SKAT LIMITED,09048118,55,78109 - Other activities of employment placement agencies; 78200 - Temporary employment agency activities,"89A CHIEFTAIN WAY, CAMBRIDGE, CB4 2EF",,2026-05-31
TIME CONTROL RECRUITMENT SERVICES LIMITED,16041263,55,53201 - Licensed carriers; 78109 - Other activities of employment placement agencies,"SUITE 2A, 6 FLOOR COBALT SQUARE, 83-85 HAGLEY ROAD, BIRMINGHAM, B16 8QG",,2025-10-31
NEW SOURCE LTD,12005477,54,55100 - Hotels and similar accommodation; 78109 - Other activities of employment placement agencies; 78200 - Temporary employment agency activities,"FLAT 11, HINES LODGE,, 70 LANKASTER GARDENS, LONDON, N2 9FG",,2025-05-31
SSC CONSULTANCE LTD,09070200,54,78109 - Other activities of employment placement agencies; 81210 - General cleaning of buildings; 81222 - Specialised cleaning services,"8 GRAND ARCADE, NORTH FINCHLEY, LONDON, N12 0EH",,2025-03-31
DR LOUISE MAY LIMITED,08682364,53,78109 - Other activities of employment placement agencies,"136 CLAUGHTON ROAD, BIRKENHEAD, WIRRAL, CH41 6EY",,2025-12-31
H&H RECRUITMENT SOLUTIONS LTD,14272282,53,78109 - Other activities of employment placement agencies; 78200 - Temporary employment agency activities,"A6 62 MARKET STREET, SHEFFIELD, S21 4JH",,2025-04-30
PRIME CARE PVT LTD,09230420,53,78109 - Other activities of employment placement agencies; 78200 - Temporary employment agency activities,"3 QUEEN STREET, HORSHAM, RH13 5AA",,2025-09-30
ASCENDANT RECRUITMENT LIMITED,04621696,52,78109 - Other activities of employment placement agencies,"THE BARN MAIN ROAD, BIDDENHAM, BEDFORD, MK40 4BE",,2025-09-30
GUARDIAN SELECTION LIMITED,04018457,52,78109 - Other activities of employment placement agencies,"1 BEAUCHAMP COURT, 10 VICTORS WAY, BARNET, HERTFORDSHIRE, EN5 5TZ",,2025-12-31
MBANDS LIMITED,09434531,52,78109 - Other activities of employment placement agencies,"30 GROSVENOR ROAD, LONDON, N3 1EX",,2025-03-31
PREMIER RECRUITMENT DERBY LTD,06798706,52,78109 - Other activities of employment placement agencies,"12 GRANARY WHARF BUSINESS PARK, BURTON-ON-TRENT, DE14 1DU",,2025-01-31
TARMACK LIMITED,14875742,52,78109 - Other activities of employment placement agencies; 78200 - Temporary employment agency activities; 78300 - Human resources provision and management of human resources functions; 82990 - Other business support service activities n.e.c.,"415C MARGARET POWELL HOUSE, MIDSUMMER BOULEVARD, MILTON KEYNES, MK9 3BN",,2025-12-31
DYNAMIC PERSONNEL LTD,13117403,51,78109 - Other activities of employment placement agencies; 78200 - Temporary employment agency activities; 78300 - Human resources provision and management of human resources functions,"PERA BUSINESS PARK NOTTINGHAM ROAD, MELTON MOWBRAY, LEICESTERSHIRE, LE13 0PB",,2025-01-31
ARVY HOSPITALITY SOLUTIONS LTD,10899903,50,78109 - Other activities of employment placement agencies,"6TH FLOOR, FIRST CENTRAL 200, 2 LAKESIDE DRIVE, PARK ROYAL, LONDON, NW10 7FQ",,2025-08-31
CITY RECRUITMENT SERVICES LTD,12293232,50,70229 - Management consultancy activities other than financial management; 78109 - Other activities of employment placement agencies; 78200 - Temporary employment agency activities,"354 GOSWELL ROAD, LONDON, EC1V 7LQ",,2026-04-30
DOMESTIC SOLUTIONS LIMITED,02843386,50,78109 - Other activities of employment placement agencies,"SPACES, 25 WILTON ROAD, LONDON, SW1V 1LW",,2025-06-30
ELITE ASSOCIATES GLOBAL LIMITED,14378870,50,78109 - Other activities of employment placement agencies,"16-18 ST JOHN'S LANE, LONDON, EC1M 4BS",,2025-12-31
EST-VEST SERVICES LTD,10557645,50,78109 - Other activities of employment placement agencies; 78200 - Temporary employment agency activities; 78300 - Human resources provision and management of human resources functions,"3 WINGFIELD ROAD, LONDON, E15 1LP",,2025-01-31
SIMPSON JUDGE LTD,08405434,50,78109 - Other activities of employment placement agencies; 78200 - Temporary employment agency activities,"UNIT 7A EDWARD VII QUAY NAVIGATION WAY, ASHTON-ON-RIBBLE, PRESTON, PR2 2YF",,2025-06-30
SMART EYE SERVICES LTD,12553870,50,78109 - Other activities of employment placement agencies,"SUITE 24 33 KINGS COURT, KING STREET, BLACKBURN, BB2 2DH",,2025-04-30
THE OCCASIONALL GROUP LTD,13636841,50,78109 - Other activities of employment placement agencies; 78200 - Temporary employment agency activities,"SUNNY BANK, 12 ALBION ROAD, CHESTERFIELD, DERBYSHIRE, S40 1LJ",,2025-09-30
YOUR HEALTHCARE GLOBAL LTD,09626484,50,70229 - Management consultancy activities other than financial management; 78109 - Other activities of employment placement agencies; 78200 - Temporary employment agency activities,"SQB 77, MARSH WALL, LONDON, E14 9SH",,2025-03-31
ALEXANDER LLOYD LTD.,03754203,49,78109 - Other activities of employment placement agencies,"8-10 SOUTH STREET, EPSOM, SURREY, KT18 7PF",,2025-12-31
ISON NURSING AGENCY AND CARE SERVICES LIMITED,07348053,49,78109 - Other activities of employment placement agencies; 88990 - Other social work activities without accommodation n.e.c.,"UNIT B UNIT B, 1A NEPTUNE ROAD, HARROW, HA1 4HX",,2025-08-31
RANGE RECRUITMENT LTD.,11101392,49,78109 - Other activities of employment placement agencies; 78200 - Temporary employment agency activities,"REGENT HOUSE, BATH AVENUE, WOLVERHAMPTON, WEST MIDLANDS, WV1 4EG",,2025-12-31
THE AIMS RECRUITMENT & CONSULTANCY LTD,09367490,49,78109 - Other activities of employment placement agencies; 88100 - Social work activities without accommodation for the elderly and disabled; 88990 - Other social work activities without accommodation n.e.c.,"20C GENESIS CENTRE, GARRETT FIELD, BIRCHWOOD, WARRINGTON, WA3 7BH",,2025-12-31
WORK EXPERIENCE LIMITED,08244857,49,"78109 - Other activities of employment placement agencies; 86900 - Other human health activities; 87200 - Residential care activities for learning difficulties, mental health and substance abuse; 87300 - Residential care activities for the elderly and disabled","24 BENJAMIN ROAD, POOLE, DORSET, BH15 4QU",,2024-10-31
AMAZING ANGELS CARE LTD,12568009,48,78109 - Other activities of employment placement agencies; 78200 - Temporary employment agency activities; 87300 - Residential care activities for the elderly and disabled; 87900 - Other residential care activities n.e.c.,"BUSINESS LODGE, TRENT HOUSE, VICTORIA ROAD, STOKE-ON-TRENT, ST4 2LW",,2025-04-30
EXCELSIOR EMPLOYMENT LIMITED,15908373,48,78109 - Other activities of employment placement agencies,"HAZELWOOD GREGORY LANE, DURLEY, SOUTHAMPTON, SO32 2BS",,2025-06-30
GRAYCARE  ENTERPRISE LTD,14537962,48,78109 - Other activities of employment placement agencies; 87900 - Other residential care activities n.e.c.; 88100 - Social work activities without accommodation for the elderly and disabled,"UNIT 5 NCR BUSINESS CENTRE, GREAT CENTRAL WAY, LONDON, NW10 0AB",,2025-12-31
HTR CARE AND RECRUITMENT LIMITED,10821519,48,78109 - Other activities of employment placement agencies; 78200 - Temporary employment agency activities; 86900 - Other human health activities,"BELMONT HOUSE, BELMONT ROAD, UXBRIDGE, UB8 1HE",,2025-06-30
KACD LIMITED,12487001,48,56290 - Other food services; 78109 - Other activities of employment placement agencies; 78200 - Temporary employment agency activities; 82990 - Other business support service activities n.e.c.,"107-111 FLEET STREET, LONDON, EC4A 2AB",,2025-02-28
OLIVES HEALTHCARE SERVICES LTD,12389324,48,78109 - Other activities of employment placement agencies; 86900 - Other human health activities; 87900 - Other residential care activities n.e.c.; 96040 - Physical well-being activities,"263 NORTHUMBERLAND AVENUE, WELLING, DA16 2QF",,2026-01-31
REMOTE MEDICAL INTERNATIONAL UK LTD,07590062,48,78109 - Other activities of employment placement agencies; 78200 - Temporary employment agency activities; 78300 - Human resources provision and management of human resources functions,"4500 PARKWAY, SOLENT BUSINESS PARK, WHITELEY, FARE 4500 PARKWAY, SOLENT BUSINESS PARK, WHITELEY, FAREHAM, PO15 7AZ",,2025-12-31
ROUTE 1 RECRUITMENT LTD,15143177,48,78109 - Other activities of employment placement agencies,"71-75 SHELTON STREET, COVENT GARDEN, LONDON, WC2H 9JQ",,2025-09-30
SCEDE LIMITED,08434458,48,78109 - Other activities of employment placement agencies,"CAMBRIDGE HOUSE, 16 HIGH STREET, SAFFRON WALDEN, ESSEX, CB10 1AX",,2025-12-31
SECAPLUS LIMITED,10639418,48,78109 - Other activities of employment placement agencies; 78200 - Temporary employment agency activities; 87900 - Other residential care activities n.e.c.; 88100 - Social work activities without accommodation for the elderly and disabled,"240 GREAT GREGORIE, BASILDON, ESSEX, SS16 5QQ",,2026-02-28
THE BIG LONDON FOOD COMPANY LTD,12529440,48,56290 - Other food services; 78109 - Other activities of employment placement agencies,"UNIT 10, LAKE BUSINESS CENTRE, TARIFF ROAD, LONDON, N17 0YX",,2025-03-31
TRI CONSULTING LIMITED,03980733,48,78109 - Other activities of employment placement agencies,"18 WOODCOCK DELL AVENUE, HARROW, MIDDLESEX, HA3 0NS",,2025-04-30
E-PPL LIMITED,07810930,47,78109 - Other activities of employment placement agencies,"UNIT 2 MALLORY WAY, GALLAGHER BUSINESS PARK, COVENTRY, WARWICKSHIRE, CV6 6PB",,2024-03-31
EVOLVE APPRENTICES LTD,08474058,47,78109 - Other activities of employment placement agencies,"THE ARENA BUILDING B WATCHMOOR PARK, RIVERSIDE WAY, CAMBERLEY, GU15 3YL",,2025-04-30
FAIRFAX MANAGEMENT CONSULTANTS LIMITED,03870447,47,70229 - Management consultancy activities other than financial management; 78109 - Other activities of employment placement agencies,"FAIRFAX HOUSE 2 HENLEY WAY, DODDINGTON ROAD, LINCOLN, LINCOLNSHIRE, LN6 3QR",,2025-12-31
FRASER ELITE LTD,SC604434,47,78109 - Other activities of employment placement agencies,"GOLDWELLS HOUSE, GRANGE ROAD, PETERHEAD, AB42 1WN",,2025-08-31
HEALTH ONE GROUP LIMITED,NI687712,47,78109 - Other activities of employment placement agencies,"ANNA HOUSE, SUITE A4, 37A UPPER DUNMURRY LANE, BELFAST, BT17 0AA",,2025-04-30
R E PEOPLE LIMITED,05506226,47,78109 - Other activities of employment placement agencies,"MANOR PARK PLACE RUTHERFORD WAY, SWINDON VILLAGE, CHELTENHAM, GL51 9TU",,2025-04-30
TEAMWORKH&C LIMITED,10633085,47,78109 - Other activities of employment placement agencies,"UNIT 1C BOURNE COURT, SOUTHEND ROAD, WOODFORD GREEN, IG8 8HD",,2025-02-28
THORNMAN LIMITED,16273256,47,78109 - Other activities of employment placement agencies,"PICCADILLY BUSINESS CENTRE UNIT C ALDOW ENTERPRISE, BLACKETT STREET, MANCHESTER, M12 6AE",,2026-02-28
ACTION 8 RECRUITMENT LIMITED,14159347,46,78109 - Other activities of employment placement agencies; 78200 - Temporary employment agency activities; 87300 - Residential care activities for the elderly and disabled; 87900 - Other residential care activities n.e.c.,"124 CITY ROAD, LONDON, LONDON, EC1V 2NX",,2025-06-30
BRIARCARE LTD,08900825,46,78109 - Other activities of employment placement agencies,"UNIT 3, WOODVIEW BULL LANE, ACTON, SUDBURY, CO10 0FD",,2025-03-31
"CV CONSULTING (DESIGN, MFG, ENG & PROF RECRUITMENT) LTD",11921354,46,70229 - Management consultancy activities other than financial management; 71122 - Engineering related scientific and technical consulting activities; 78109 - Other activities of employment placement agencies; 82110 - Combined office administrative service activities,"33 NEWPORT ROAD, WOOLSTONE, MILTON KEYNES, BUCKINGHAMSHIRE, MK15 0AA",,2025-03-31
ELDERS SAFE HANDS PLUS LIMITED,12645686,46,78109 - Other activities of employment placement agencies; 78200 - Temporary employment agency activities,"415 HIGH STREET, STRATFORD, LONDON, E15 4QZ",,2025-06-30
KTSS LTD,13603838,46,78109 - Other activities of employment placement agencies; 78200 - Temporary employment agency activities,"GRESLEY HOUSE, TEN POUND WALK, DONCASTER, DN4 5HX",,2025-09-30
RED BAY RECRUITMENT LIMITED,NI648618,46,78109 - Other activities of employment placement agencies,"UNIT 2 CHANNEL WHARF, 21 OLD CHANNEL ROAD, BELFAST, CO. ANTRIM, BT3 9DE",,2024-10-31
TAO COMPLEX CARE LTD,13884007,46,78109 - Other activities of employment placement agencies,"SUITE 2 THE POINT, MAYFIELD ROAD, ILKLEY, LS29 8FL",,2025-07-31
TRILOGY CONSULTANTS INTERNATIONAL LIMITED,09329733,46,70229 - Management consultancy activities other than financial management; 78109 - Other activities of employment placement agencies,"14 RYDER STREET, LONDON, SW1Y 6QB",,2025-04-30
WILSHER EXECUTIVE RECRUITMENT LIMITED,01850902,46,70229 - Management consultancy activities other than financial management; 78109 - Other activities of employment placement agencies; 82990 - Other business support service activities n.e.c.,"CH 5, CLIPPER HOUSE, BILLINGTON ROAD, LEIGHTON BUZ, BILLINGTON ROAD, LEIGHTON BUZZARD, LU7 4AJ",,2025-10-31
WISEMAN RECRUITMENT LTD,14017340,46,78109 - Other activities of employment placement agencies; 78200 - Temporary employment agency activities,"22 LYNFIELD ROAD, NORTH WALSHAM, NR28 0BG",,2025-03-31
YPIK GLOBAL LTD,12252798,46,78109 - Other activities of employment placement agencies; 78300 - Human resources provision and management of human resources functions; 86102 - Medical nursing home activities; 86900 - Other human health activities,"RADIAL HOUSE, UNIT 105,, 3-5 RIPPLE ROAD, BARKING, IG11 7NP",,2025-10-31
APHEK LTD,06984477,45,78109 - Other activities of employment placement agencies; 85590 - Other education n.e.c.; 87900 - Other residential care activities n.e.c.,"58 PLUMSTEAD COMMON ROAD, LONDON, SE18 3RD",,2025-08-31
RECRUIT TWENTY FOUR SEVEN LIMITED,08489391,45,78109 - Other activities of employment placement agencies,"SUITE A 82 JAMES CARTER ROAD, MILDENHALL, BURY ST. EDMUNDS, SUFFOLK, IP28 7DE",,2025-04-30
SUNRISE COMMUNITY NURSERIES,08578387,45,78109 - Other activities of employment placement agencies; 78200 - Temporary employment agency activities; 85100 - Pre-primary education; 85600 - Educational support services,"SUNRISE COMMUNITY NURSERIES, BROCKLEY WAY, BROCKLEY, SE4 2LW",,2025-03-31
THE TALENT SET LIMITED,11362268,45,78109 - Other activities of employment placement agencies,"9 BLACKSMITHS CLOSE, GREAT AMWELL, WARE, SG12 9TH",,2025-06-30
BLUE CIRCLE ENTERPRISES LTD,06333993,44,78109 - Other activities of employment placement agencies,"CARGO BUSINESS PARK BAGNALL STREET, GREAT BRIDGE, TIPTON, WEST MIDLANDS, DY4 7BS",,2025-03-31
FLEXIBLE WORKFORCE SOLUTIONS LTD,SC706448,44,78109 - Other activities of employment placement agencies; 78200 - Temporary employment agency activities; 78300 - Human resources provision and management of human resources functions,"OFFICE 2 30/2 ESKBANK OFFICE COMPLEX, HARDENGREEN INDUSTRIAL ESTATE, ESKBANK, MIDLOTHIAN, EH22 3NX",,2025-08-31
GRADUATE RECRUITMENT BUREAU LIMITED,03640983,44,78109 - Other activities of employment placement agencies,"15 WEST STREET, BRIGHTON, BN1 2RL",,2025-07-31
K & G RECRUITMENT CONSULTANCY LIMITED,05696360,44,78109 - Other activities of employment placement agencies,"24 OLD BOND STREET, LONDON, W1S 4AP",,2025-07-31
BLAYZE CONSULTING GROUP LIMITED,06906335,43,78109 - Other activities of employment placement agencies,"75 KING WILLIAM STREET, SECOND FLOOR, LANDMARK PLACE, LONDON, EC4N 7BE",,2025-05-31
CARE EDUCATION LTD,09797844,43,78109 - Other activities of employment placement agencies,"1E WORTON ROAD, ISLEWORTH, MIDDLESEX, TW7 6HJ",,2025-12-31
LUCY DAVIS LIMITED,06276722,43,78109 - Other activities of employment placement agencies,"100 CHURCH STREET, BRIGHTON, EAST SUSSEX, BN1 1UJ",,2025-12-31
PARK STREET PEOPLE LIMITED,02336356,43,78109 - Other activities of employment placement agencies,"2 MOUNTSIDE, STANMORE, MIDDLESEX, HA7 2DT",,2025-04-30
PIONEER SELECTION LIMITED,06170504,43,78109 - Other activities of employment placement agencies,"LIVERMORE HOUSE, HIGH STREET, DUNMOW, ESSEX, CM6 1AW",,2025-03-31
ROCKBORNE LIMITED,13256273,43,62020 - Information technology consultancy activities; 78109 - Other activities of employment placement agencies; 78200 - Temporary employment agency activities; 85590 - Other education n.e.c.,"3RD FLOOR MELBURY HOUSE, 51 WIMBLEDON HILL ROAD, LONDON, SW19 7QW",,2025-11-30
H&P EXECUTIVE SEARCH LTD,11871698,42,78109 - Other activities of employment placement agencies,"LANDMARK SPACE, 110 BISHOPSGATE, LONDON, EC2N 4AY",,2026-03-31
IMPACT RECRUITMENT GROUP LIMITED,08806558,42,78109 - Other activities of employment placement agencies; 78200 - Temporary employment agency activities,"86-90 PAUL STREET, LONDON, EC2A 4NE",,2026-03-31
INVICTUS RECRUITMENT LIMITED,08287974,42,78109 - Other activities of employment placement agencies,"INTERNATIONAL HOUSE, CRAY AVENUE, ORPINGTON, BR5 3RS",,2025-11-30
KEYSTREAM HUMAN CAPITAL LIMITED,16225232,42,78109 - Other activities of employment placement agencies,"3RD FLOOR 4-14, TABERNACLE STREET, LONDON, EC2A 4LU",,2025-12-31
SALVEAS LIMITED,SC421618,42,78109 - Other activities of employment placement agencies,"F6, BUCHAN HOUSE CARNEGIE CAMPUS, ENTERPRISE WAY, DUNFERMLINE, FIFE, KY11 8PL",,2024-09-30
CREST CO-OPERATIVE LTD.,03588496,41,38110 - Collection of non-hazardous waste; 38320 - Recovery of sorted materials; 78109 - Other activities of employment placement agencies; 85590 - Other education n.e.c.,"UNIT 2 BRIERLEY HOUSE, FERRY FARM ROAD, LLANDUDNO JUNCTION, CONWY, LL31 9SF",,2025-03-31
FEELFREE EMPLOYMENT GROUP LIMITED,14782978,41,78109 - Other activities of employment placement agencies,"BRIVON HOUSE YNYSFORGAN FARM, YNYSFORGAN, SWANSEA, SA6 6QL",,2025-11-30
GMRC LIMITED,05176047,41,78109 - Other activities of employment placement agencies,"4TH FLOOR, 100 FENCHURCH STREET, LONDON, EC3M 5JD",,2025-12-31
LAKH CONSTRUCTION & TRAINING LTD,12393957,41,42110 - Construction of roads and motorways; 42120 - Construction of railways and underground railways; 42910 - Construction of water projects; 78109 - Other activities of employment placement agencies,"18 BEEHIVE LANE, ILFORD, IG1 3RD",,2026-03-31
RUNWAY APPRENTICESHIPS LIMITED,08957135,41,70100 - Activities of head offices; 78109 - Other activities of employment placement agencies; 85520 - Cultural education; 85590 - Other education n.e.c.,"8-10 SOUTH STREET, EPSOM, SURREY, KT18 7PF",,2025-03-31
AUTOPEOPLE (UK) LIMITED,03685875,40,70229 - Management consultancy activities other than financial management; 78109 - Other activities of employment placement agencies; 78200 - Temporary employment agency activities; 78300 - Human resources provision and management of human resources functions,"C/O GILDERSON & CO 1 THE STABLES, MANOR BUSINESS PARK, EAST DRAYTON, NOTTINGHAMSHIRE, DN22 0LG",,2026-03-31
COBALT CONSULTING (UK) LIMITED,04287243,40,78109 - Other activities of employment placement agencies,"3RD FLOOR, 19 PORTLAND PLACE, LONDON, W1B 1PX",,2025-12-31
KINGSTON ZAIN RECRUITMENT LTD,14145936,40,78109 - Other activities of employment placement agencies,"INTERNATIONAL HOUSE, 10 BEAUFORT COURT, ADMIRALS WAY, LONDON, E14 9XL",,2025-06-30
PROFESSIONAL CARE RECRUITMENT INT LTD.,08158054,40,78109 - Other activities of employment placement agencies; 78200 - Temporary employment agency activities,"6 THE HUGES, 24-26 SWAN STREET, WARWICK, WARWICKSHIRE, CV34 4BJ",,2025-07-31
SOOZYS PEOPLE LIMITED,12135483,40,78109 - Other activities of employment placement agencies,"29 WHITEGATE DRIVE, WHITEGATE DRIVE, BLACKPOOL, FY3 9AA",,2025-08-31
SPOTLIGHT HEALTHCARE SERVICES LIMITED,09081618,40,"78109 - Other activities of employment placement agencies; 87200 - Residential care activities for learning difficulties, mental health and substance abuse","316 PRINCE AVENUE, WESTCLIFF-ON-SEA, ESSEX, SS0 0NF",,2025-06-30
